2025-02-11T11:03:42.612462-0700 - __main__-   __init__ -176- INFO    - ******************************************************************************************************** 



2025-02-11T11:03:42.613193-0700 - __main__-   __init__ -178- INFO    -  This is version 0.4
2025-02-11T11:03:42.613278-0700 - __main__-   __init__ -179- INFO    - 


***************************************************************************************************** 

2025-02-11T11:03:44.096905-0700 - __main__-   ConnectDataBase -200- INFO    - connection succsessful
2025-02-11T11:03:44.097221-0700 - __main__-   ConnectDataBase -204- INFO    -  database connection name qt_sql_default_connection
2025-02-11T11:03:49.288338-0700 - __main__-   getSelectedRecipe -553- INFO    - You have selected bean_gratin recipe
2025-02-11T11:03:51.915545-0700 - __main__-   save_recipe -498- INFO    - ingredients [['100', 'g', 'beans_dried'], ['100', 'g', 'bacon'], ['81', 'g', 'onions'], ['271', 'g', 'tomato'], ['27', 'g', 'bread_crumbs'], ['80', 'g', 'gruyere']] 
2025-02-11T11:03:51.915930-0700 - __main__-   create_pandas_frame -470- INFO    -  name bean_gratin and record 100 g beans_dried 100 g bacon 81 g onions 271 g tomato 27 g bread_crumbs 80 g gruyere for recipes
2025-02-11T11:05:25.976775-0700 - __main__-   __init__ -176- INFO    - ******************************************************************************************************** 



2025-02-11T11:05:25.977601-0700 - __main__-   __init__ -178- INFO    -  This is version 0.4
2025-02-11T11:05:25.977768-0700 - __main__-   __init__ -179- INFO    - 


***************************************************************************************************** 

2025-02-11T11:05:26.057090-0700 - __main__-   ConnectDataBase -200- INFO    - connection succsessful
2025-02-11T11:05:26.057422-0700 - __main__-   ConnectDataBase -204- INFO    -  database connection name qt_sql_default_connection
2025-02-11T11:05:32.905498-0700 - __main__-   getSelectedRecipe -553- INFO    - You have selected beet_potato recipe
2025-02-11T11:05:35.024261-0700 - __main__-   save_recipe -498- INFO    - ingredients [['601', 'g', 'beet'], ['605', 'g', 'potato'], ['362', 'g', 'beef'], ['150', 'g', 'bacon'], ['68', 'g', 'dried_tomato'], ['21', 'g', 'butter'], ['300', 'g', 'bouillon']] 
2025-02-11T11:07:52.569917-0700 - __main__-   __init__ -176- INFO    - ******************************************************************************************************** 



2025-02-11T11:07:52.570360-0700 - __main__-   __init__ -178- INFO    -  This is version 0.4
2025-02-11T11:07:52.570472-0700 - __main__-   __init__ -179- INFO    - 


***************************************************************************************************** 

2025-02-11T11:07:53.940403-0700 - __main__-   ConnectDataBase -200- INFO    - connection succsessful
2025-02-11T11:07:53.940697-0700 - __main__-   ConnectDataBase -204- INFO    -  database connection name qt_sql_default_connection
2025-02-11T11:07:58.160055-0700 - __main__-   getSelectedRecipe -554- INFO    - You have selected beet_potato recipe
2025-02-11T11:07:59.780062-0700 - __main__-   save_recipe -498- INFO    - ingredients [['601', 'g', 'beet'], ['605', 'g', 'potato'], ['362', 'g', 'beef'], ['150', 'g', 'bacon'], ['68', 'g', 'dried_tomato'], ['21', 'g', 'butter'], ['300', 'g', 'bouillon']] 
2025-02-11T11:07:59.780651-0700 - __main__-   create_pandas_frame -470- INFO    -  name beet_potato and record [['601', 'g', 'beet'], ['605', 'g', 'potato'], ['362', 'g', 'beef'], ['150', 'g', 'bacon'], ['68', 'g', 'dried_tomato'], ['21', 'g', 'butter'], ['300', 'g', 'bouillon']] for recipes
2025-02-11T11:31:58.171604-0700 - __main__-   __init__ -176- INFO    - ******************************************************************************************************** 



2025-02-11T11:31:58.172349-0700 - __main__-   __init__ -178- INFO    -  This is version 0.4
2025-02-11T11:31:58.172515-0700 - __main__-   __init__ -179- INFO    - 


***************************************************************************************************** 

2025-02-11T11:31:59.490684-0700 - __main__-   ConnectDataBase -200- INFO    - connection succsessful
2025-02-11T11:31:59.491018-0700 - __main__-   ConnectDataBase -204- INFO    -  database connection name qt_sql_default_connection
2025-02-11T11:32:05.580834-0700 - __main__-   getSelectedRecipe -567- INFO    - You have selected beet-barlye recipe
2025-02-11T11:32:07.917957-0700 - __main__-   save_recipe -511- INFO    - ingredients [['377', 'g', 'beet'], ['104', 'g', 'barley_dry'], ['130', '', 'g_onions'], ['46', 'g', 'parmesan']] 
2025-02-11T11:32:46.808723-0700 - __main__-   create_pandas_frame -470- INFO    -  name beet-barlye and record [['377', 'g', 'beet'], ['104', 'g', 'barley_dry'], ['130', '', 'g_onions'], ['46', 'g', 'parmesan']] for recipes
2025-02-11T11:36:14.646734-0700 - __main__-   __init__ -176- INFO    - ******************************************************************************************************** 



2025-02-11T11:36:14.647651-0700 - __main__-   __init__ -178- INFO    -  This is version 0.4
2025-02-11T11:36:14.647862-0700 - __main__-   __init__ -179- INFO    - 


***************************************************************************************************** 

2025-02-11T11:36:14.711013-0700 - __main__-   ConnectDataBase -200- INFO    - connection succsessful
2025-02-11T11:36:14.711478-0700 - __main__-   ConnectDataBase -204- INFO    -  database connection name qt_sql_default_connection
2025-02-11T11:36:19.806542-0700 - __main__-   getSelectedRecipe -568- INFO    - You have selected beet_cheese_gratin recipe
2025-02-11T11:36:21.442375-0700 - __main__-   save_recipe -512- INFO    - ingredients [['415', 'g', 'beets'], ['158', 'g', 'ham'], ['160', 'g', 'raclette'], ['55', 'g', 'eggs'], ['100', 'g', 'milk'], ['40', 'g', 'cr_bread']] 
2025-02-11T11:36:21.442995-0700 - __main__-   create_pandas_frame -470- INFO    -  name beet_cheese_gratin and record [['415', 'g', 'beets'], ['158', 'g', 'ham'], ['160', 'g', 'raclette'], ['55', 'g', 'eggs'], ['100', 'g', 'milk'], ['40', 'g', 'cr_bread']] for recipes
2025-02-11T11:37:39.157131-0700 - __main__-   __init__ -176- INFO    - ******************************************************************************************************** 



2025-02-11T11:37:39.157939-0700 - __main__-   __init__ -178- INFO    -  This is version 0.4
2025-02-11T11:37:39.158184-0700 - __main__-   __init__ -179- INFO    - 


***************************************************************************************************** 

2025-02-11T11:37:39.219781-0700 - __main__-   ConnectDataBase -200- INFO    - connection succsessful
2025-02-11T11:37:39.220193-0700 - __main__-   ConnectDataBase -204- INFO    -  database connection name qt_sql_default_connection
2025-02-11T11:37:41.608417-0700 - __main__-   save_recipe -512- INFO    - ingredients [[]] 
2025-02-11T11:37:47.318738-0700 - __main__-   getSelectedRecipe -568- INFO    - You have selected beet_gnocchi recipe
2025-02-11T11:37:48.937582-0700 - __main__-   save_recipe -512- INFO    - ingredients [['309', 'g', 'beet'], ['425', 'g', 'ricotta'], ['65', 'g', 'mascarpone'], ['325', 'g', 'spelt_flour']] 
2025-02-11T11:37:48.938387-0700 - __main__-   create_pandas_frame -470- INFO    -  name beet_gnocchi and record [['309', 'g', 'beet'], ['425', 'g', 'ricotta'], ['65', 'g', 'mascarpone'], ['325', 'g', 'spelt_flour']] for recipes
2025-02-11T11:40:21.492450-0700 - __main__-   __init__ -176- INFO    - ******************************************************************************************************** 



2025-02-11T11:40:21.493438-0700 - __main__-   __init__ -178- INFO    -  This is version 0.4
2025-02-11T11:40:21.493672-0700 - __main__-   __init__ -179- INFO    - 


***************************************************************************************************** 

2025-02-11T11:40:21.555928-0700 - __main__-   ConnectDataBase -200- INFO    - connection succsessful
2025-02-11T11:40:21.556302-0700 - __main__-   ConnectDataBase -204- INFO    -  database connection name qt_sql_default_connection
2025-02-11T11:40:25.301677-0700 - __main__-   getSelectedRecipe -568- INFO    - You have selected beet-barlye recipe
2025-02-11T11:40:27.003621-0700 - __main__-   save_recipe -512- INFO    - ingredients [['377', 'g', 'beet'], ['104', 'g', 'barley_dry'], ['130', '', 'g_onions'], ['46', 'g', 'parmesan']] 
2025-02-11T11:40:27.004355-0700 - __main__-   create_pandas_frame -470- INFO    -  name beet-barlye and record [['377', 'g', 'beet'], ['104', 'g', 'barley_dry'], ['130', '', 'g_onions'], ['46', 'g', 'parmesan']] for recipes
2025-02-11T11:40:53.343583-0700 - __main__-   __init__ -176- INFO    - ******************************************************************************************************** 



2025-02-11T11:40:53.344055-0700 - __main__-   __init__ -178- INFO    -  This is version 0.4
2025-02-11T11:40:53.344140-0700 - __main__-   __init__ -179- INFO    - 


***************************************************************************************************** 

2025-02-11T11:40:53.428260-0700 - __main__-   ConnectDataBase -200- INFO    - connection succsessful
2025-02-11T11:40:53.428561-0700 - __main__-   ConnectDataBase -204- INFO    -  database connection name qt_sql_default_connection
2025-02-11T11:40:55.704450-0700 - __main__-   save_recipe -512- INFO    - ingredients [[]] 
2025-02-11T11:41:01.456794-0700 - __main__-   getSelectedRecipe -568- INFO    - You have selected beet-barlye recipe
2025-02-11T11:41:04.001762-0700 - __main__-   save_recipe -512- INFO    - ingredients [['377', 'g', 'beet'], ['104', 'g', 'barley_dry'], ['130', '', 'g_onions'], ['46', 'g', 'parmesan']] 
2025-02-11T11:41:04.002330-0700 - __main__-   create_pandas_frame -470- INFO    -  name beet-barlye and record [['377', 'g', 'beet'], ['104', 'g', 'barley_dry'], ['130', '', 'g_onions'], ['46', 'g', 'parmesan']] for recipes
2025-02-11T11:41:40.688432-0700 - __main__-   __init__ -176- INFO    - ******************************************************************************************************** 



2025-02-11T11:41:40.688833-0700 - __main__-   __init__ -178- INFO    -  This is version 0.4
2025-02-11T11:41:40.688918-0700 - __main__-   __init__ -179- INFO    - 


***************************************************************************************************** 

2025-02-11T11:41:40.771176-0700 - __main__-   ConnectDataBase -200- INFO    - connection succsessful
2025-02-11T11:41:40.771470-0700 - __main__-   ConnectDataBase -204- INFO    -  database connection name qt_sql_default_connection
2025-02-11T11:41:44.257193-0700 - __main__-   getSelectedRecipe -568- INFO    - You have selected beet-barlye recipe
2025-02-11T11:41:45.595262-0700 - __main__-   save_recipe -512- INFO    - ingredients [['377', 'g', 'beet'], ['104', 'g', 'barley_dry'], ['130', '', 'g_onions'], ['46', 'g', 'parmesan']] 
2025-02-11T11:41:45.595902-0700 - __main__-   create_pandas_frame -470- INFO    -  name beet-barlye and record [['377', 'g', 'beet'], ['104', 'g', 'barley_dry'], ['130', '', 'g_onions'], ['46', 'g', 'parmesan']] for recipes
2025-02-11T11:43:04.625611-0700 - __main__-   __init__ -176- INFO    - ******************************************************************************************************** 



2025-02-11T11:43:04.626080-0700 - __main__-   __init__ -178- INFO    -  This is version 0.4
2025-02-11T11:43:04.626233-0700 - __main__-   __init__ -179- INFO    - 


***************************************************************************************************** 

2025-02-11T11:43:05.937767-0700 - __main__-   ConnectDataBase -200- INFO    - connection succsessful
2025-02-11T11:43:05.938065-0700 - __main__-   ConnectDataBase -204- INFO    -  database connection name qt_sql_default_connection
2025-02-11T11:43:18.523376-0700 - __main__-   getSelectedRecipe -568- INFO    - You have selected beet-barlye recipe
2025-02-11T11:43:31.308120-0700 - __main__-   save_recipe -512- INFO    - ingredients [['377', 'g', 'beets'], ['104', 'g', 'barley_dry'], ['130', '', 'g_onions'], ['46', 'g', 'parmesan']] 
2025-02-11T11:43:31.308880-0700 - __main__-   create_pandas_frame -470- INFO    -  name beet-barlye and record [['377', 'g', 'beets'], ['104', 'g', 'barley_dry'], ['130', '', 'g_onions'], ['46', 'g', 'parmesan']] for recipes
2025-02-11T11:44:24.262724-0700 - __main__-   __init__ -176- INFO    - ******************************************************************************************************** 



2025-02-11T11:44:24.263140-0700 - __main__-   __init__ -178- INFO    -  This is version 0.4
2025-02-11T11:44:24.263229-0700 - __main__-   __init__ -179- INFO    - 


***************************************************************************************************** 

2025-02-11T11:44:24.352474-0700 - __main__-   ConnectDataBase -200- INFO    - connection succsessful
2025-02-11T11:44:24.352810-0700 - __main__-   ConnectDataBase -204- INFO    -  database connection name qt_sql_default_connection
2025-02-11T11:44:31.456122-0700 - __main__-   getSelectedRecipe -568- INFO    - You have selected bean_gratin recipe
2025-02-11T11:44:35.061186-0700 - __main__-   getSelectedRecipe -568- INFO    - You have selected beet-barlye recipe
2025-02-11T11:44:37.323445-0700 - __main__-   save_recipe -512- INFO    - ingredients [['377', 'g', 'beets'], ['104', 'g', 'barley_dry'], ['130', '', 'g_onions'], ['46', 'g', 'parmesan']] 
2025-02-11T11:44:37.323762-0700 - __main__-   create_pandas_frame -470- INFO    -  name beet-barlye and record [['377', 'g', 'beets'], ['104', 'g', 'barley_dry'], ['130', '', 'g_onions'], ['46', 'g', 'parmesan']] for recipes
2025-02-11T11:46:01.465759-0700 - __main__-   __init__ -176- INFO    - ******************************************************************************************************** 



2025-02-11T11:46:01.466242-0700 - __main__-   __init__ -178- INFO    -  This is version 0.4
2025-02-11T11:46:01.466395-0700 - __main__-   __init__ -179- INFO    - 


***************************************************************************************************** 

2025-02-11T11:46:01.546689-0700 - __main__-   ConnectDataBase -200- INFO    - connection succsessful
2025-02-11T11:46:01.546989-0700 - __main__-   ConnectDataBase -204- INFO    -  database connection name qt_sql_default_connection
2025-02-11T11:46:07.058303-0700 - __main__-   getSelectedRecipe -568- INFO    - You have selected bean_soup recipe
2025-02-11T11:46:10.897913-0700 - __main__-   save_recipe -512- INFO    - ingredients [['256', 'g', 'onion'], ['407', 'g', 'leek'], ['230', 'g', 'lima_beans'], ['1300', 'g', 'bouillon'], ['900', 'g', 'sausage_320']] 
2025-02-11T11:46:10.898806-0700 - __main__-   create_pandas_frame -470- INFO    -  name bean_soup and record [['256', 'g', 'onion'], ['407', 'g', 'leek'], ['230', 'g', 'lima_beans'], ['1300', 'g', 'bouillon'], ['900', 'g', 'sausage_320']] for recipes
2025-02-11T11:46:43.731954-0700 - __main__-   __init__ -176- INFO    - ******************************************************************************************************** 



2025-02-11T11:46:43.732430-0700 - __main__-   __init__ -178- INFO    -  This is version 0.4
2025-02-11T11:46:43.732541-0700 - __main__-   __init__ -179- INFO    - 


***************************************************************************************************** 

2025-02-11T11:46:43.803842-0700 - __main__-   ConnectDataBase -200- INFO    - connection succsessful
2025-02-11T11:46:43.804154-0700 - __main__-   ConnectDataBase -204- INFO    -  database connection name qt_sql_default_connection
2025-02-11T11:46:48.794709-0700 - __main__-   getSelectedRecipe -568- INFO    - You have selected bean_soup recipe
2025-02-11T11:46:50.163796-0700 - __main__-   save_recipe -512- INFO    - ingredients [['256', 'g', 'onion'], ['407', 'g', 'leek'], ['230', 'g', 'lima_beans'], ['1300', 'g', 'bouillon'], ['900', 'g', 'sausage_320']] 
2025-02-11T11:46:50.164068-0700 - __main__-   create_pandas_frame -470- INFO    -  name bean_soup and record [['256', 'g', 'onion'], ['407', 'g', 'leek'], ['230', 'g', 'lima_beans'], ['1300', 'g', 'bouillon'], ['900', 'g', 'sausage_320']] for recipes
2025-02-11T11:50:02.869955-0700 - __main__-   __init__ -176- INFO    - ******************************************************************************************************** 



2025-02-11T11:50:02.870928-0700 - __main__-   __init__ -178- INFO    -  This is version 0.4
2025-02-11T11:50:02.871087-0700 - __main__-   __init__ -179- INFO    - 


***************************************************************************************************** 

2025-02-11T11:50:04.182627-0700 - __main__-   ConnectDataBase -200- INFO    - connection succsessful
2025-02-11T11:50:04.182958-0700 - __main__-   ConnectDataBase -204- INFO    -  database connection name qt_sql_default_connection
2025-02-11T11:50:10.009106-0700 - __main__-   getSelectedRecipe -569- INFO    - You have selected BB_quiche recipe
2025-02-11T11:50:11.912896-0700 - __main__-   save_recipe -513- INFO    - ingredients [['113', 'g', 'cream_cheese'], ['115', 'g', 'butter'], ['67', 'g', 'flour_unbleached'], ['109', 'g', 'bacon'], ['165', 'g', 'eggs'], ['69', 'g', 'onion'], ['265', 'g', 'gruyere'], ['190', 'g', 'cream']] 
2025-02-11T11:50:11.913650-0700 - __main__-   create_pandas_frame -470- INFO    -  name BB_quiche and record [['113', 'g', 'cream_cheese'], ['115', 'g', 'butter'], ['67', 'g', 'flour_unbleached'], ['109', 'g', 'bacon'], ['165', 'g', 'eggs'], ['69', 'g', 'onion'], ['265', 'g', 'gruyere'], ['190', 'g', 'cream']] for recipes
2025-02-11T11:50:42.648694-0700 - __main__-   __init__ -176- INFO    - ******************************************************************************************************** 



2025-02-11T11:50:42.649151-0700 - __main__-   __init__ -178- INFO    -  This is version 0.4
2025-02-11T11:50:42.649316-0700 - __main__-   __init__ -179- INFO    - 


***************************************************************************************************** 

2025-02-11T11:50:42.730381-0700 - __main__-   ConnectDataBase -200- INFO    - connection succsessful
2025-02-11T11:50:42.730677-0700 - __main__-   ConnectDataBase -204- INFO    -  database connection name qt_sql_default_connection
2025-02-11T11:50:47.259854-0700 - __main__-   getSelectedRecipe -570- INFO    - You have selected BB_quiche recipe
2025-02-11T11:50:48.414802-0700 - __main__-   save_recipe -514- INFO    - ingredients [['113', 'g', 'cream_cheese'], ['115', 'g', 'butter'], ['67', 'g', 'flour_unbleached'], ['109', 'g', 'bacon'], ['165', 'g', 'eggs'], ['69', 'g', 'onion'], ['265', 'g', 'gruyere'], ['190', 'g', 'cream']] 
2025-02-11T11:50:48.415632-0700 - __main__-   create_pandas_frame -470- INFO    -  name BB_quiche and record [['113', 'g', 'cream_cheese'], ['115', 'g', 'butter'], ['67', 'g', 'flour_unbleached'], ['109', 'g', 'bacon'], ['165', 'g', 'eggs'], ['69', 'g', 'onion'], ['265', 'g', 'gruyere'], ['190', 'g', 'cream']] for recipes
2025-02-11T11:51:40.183880-0700 - __main__-   __init__ -176- INFO    - ******************************************************************************************************** 



2025-02-11T11:51:40.184636-0700 - __main__-   __init__ -178- INFO    -  This is version 0.4
2025-02-11T11:51:40.184825-0700 - __main__-   __init__ -179- INFO    - 


***************************************************************************************************** 

2025-02-11T11:51:40.265787-0700 - __main__-   ConnectDataBase -200- INFO    - connection succsessful
2025-02-11T11:51:40.266140-0700 - __main__-   ConnectDataBase -204- INFO    -  database connection name qt_sql_default_connection
2025-02-11T11:51:45.199469-0700 - __main__-   getSelectedRecipe -570- INFO    - You have selected BB_quiche recipe
2025-02-11T11:51:46.528262-0700 - __main__-   save_recipe -514- INFO    - ingredients [['113', 'g', 'cream_cheese'], ['115', 'g', 'butter'], ['67', 'g', 'flour_unbleached'], ['109', 'g', 'bacon'], ['165', 'g', 'eggs'], ['69', 'g', 'onion'], ['265', 'g', 'gruyere'], ['190', 'g', 'cream']] 
2025-02-11T11:51:46.528710-0700 - __main__-   create_pandas_frame -470- INFO    -  name BB_quiche and record [['113', 'g', 'cream_cheese'], ['115', 'g', 'butter'], ['67', 'g', 'flour_unbleached'], ['109', 'g', 'bacon'], ['165', 'g', 'eggs'], ['69', 'g', 'onion'], ['265', 'g', 'gruyere'], ['190', 'g', 'cream']] for recipes
2025-02-11T11:59:09.591217-0700 - __main__-   __init__ -176- INFO    - ******************************************************************************************************** 



2025-02-11T11:59:09.591934-0700 - __main__-   __init__ -178- INFO    -  This is version 0.4
2025-02-11T11:59:09.592109-0700 - __main__-   __init__ -179- INFO    - 


***************************************************************************************************** 

2025-02-11T11:59:10.897928-0700 - __main__-   ConnectDataBase -200- INFO    - connection succsessful
2025-02-11T11:59:10.898251-0700 - __main__-   ConnectDataBase -204- INFO    -  database connection name qt_sql_default_connection
2025-02-11T11:59:16.458969-0700 - __main__-   getSelectedRecipe -571- INFO    - You have selected beet_cheese_gratin recipe
2025-02-11T11:59:18.444284-0700 - __main__-   save_recipe -515- INFO    - ingredients [['415', 'g', 'beets'], ['158', 'g', 'ham'], ['160', 'g', 'raclette'], ['55', 'g', 'eggs'], ['100', 'g', 'milk'], ['40', 'g', 'cr_bread']] 
2025-02-11T11:59:18.444684-0700 - __main__-   create_pandas_frame -470- INFO    -  name beet_cheese_gratin and record [['415', 'g', 'beets'], ['158', 'g', 'ham'], ['160', 'g', 'raclette'], ['55', 'g', 'eggs'], ['100', 'g', 'milk'], ['40', 'g', 'cr_bread']] for recipes
2025-02-11T12:00:07.374313-0700 - __main__-   __init__ -176- INFO    - ******************************************************************************************************** 



2025-02-11T12:00:07.375112-0700 - __main__-   __init__ -178- INFO    -  This is version 0.4
2025-02-11T12:00:07.375357-0700 - __main__-   __init__ -179- INFO    - 


***************************************************************************************************** 

2025-02-11T12:00:07.431612-0700 - __main__-   ConnectDataBase -200- INFO    - connection succsessful
2025-02-11T12:00:07.431978-0700 - __main__-   ConnectDataBase -204- INFO    -  database connection name qt_sql_default_connection
2025-02-11T12:00:11.964100-0700 - __main__-   getSelectedRecipe -571- INFO    - You have selected BB_quiche recipe
2025-02-11T12:00:14.830037-0700 - __main__-   save_recipe -515- INFO    - ingredients [['113', 'g', 'cream_cheese'], ['115', 'g', 'butter'], ['67', 'g', 'flour_unbleached'], ['109', 'g', 'bacon'], ['165', 'g', 'eggs'], ['69', 'g', 'onion'], ['265', 'g', 'gruyere'], ['190', 'g', 'cream']] 
2025-02-11T12:00:14.831108-0700 - __main__-   create_pandas_frame -470- INFO    -  name BB_quiche and record [['113', 'g', 'cream_cheese'], ['115', 'g', 'butter'], ['67', 'g', 'flour_unbleached'], ['109', 'g', 'bacon'], ['165', 'g', 'eggs'], ['69', 'g', 'onion'], ['265', 'g', 'gruyere'], ['190', 'g', 'cream']] for recipes
2025-02-11T12:02:25.891877-0700 - __main__-   __init__ -176- INFO    - ******************************************************************************************************** 



2025-02-11T12:02:25.892665-0700 - __main__-   __init__ -178- INFO    -  This is version 0.4
2025-02-11T12:02:25.892805-0700 - __main__-   __init__ -179- INFO    - 


***************************************************************************************************** 

2025-02-11T12:02:25.978082-0700 - __main__-   ConnectDataBase -200- INFO    - connection succsessful
2025-02-11T12:02:25.978442-0700 - __main__-   ConnectDataBase -204- INFO    -  database connection name qt_sql_default_connection
2025-02-11T12:02:30.301106-0700 - __main__-   getSelectedRecipe -571- INFO    - You have selected BB_quiche recipe
2025-02-11T12:02:39.501581-0700 - __main__-   save_recipe -515- INFO    - ingredients [['113', 'g', 'Cream_cheese'], ['115', 'g', 'butter'], ['67', 'g', 'flour_unbleached'], ['109', 'g', 'bacon'], ['165', 'g', 'eggs'], ['69', 'g', 'onion'], ['265', 'g', 'gruyere'], ['190', 'g', 'cream']] 
2025-02-11T12:02:39.502895-0700 - __main__-   create_pandas_frame -470- INFO    -  name BB_quiche and record [['113', 'g', 'Cream_cheese'], ['115', 'g', 'butter'], ['67', 'g', 'flour_unbleached'], ['109', 'g', 'bacon'], ['165', 'g', 'eggs'], ['69', 'g', 'onion'], ['265', 'g', 'gruyere'], ['190', 'g', 'cream']] for recipes
2025-02-11T12:03:17.756800-0700 - __main__-   __init__ -176- INFO    - ******************************************************************************************************** 



2025-02-11T12:03:17.757597-0700 - __main__-   __init__ -178- INFO    -  This is version 0.4
2025-02-11T12:03:17.757828-0700 - __main__-   __init__ -179- INFO    - 


***************************************************************************************************** 

2025-02-11T12:03:17.815567-0700 - __main__-   ConnectDataBase -200- INFO    - connection succsessful
2025-02-11T12:03:17.815951-0700 - __main__-   ConnectDataBase -204- INFO    -  database connection name qt_sql_default_connection
2025-02-11T12:03:22.315085-0700 - __main__-   getSelectedRecipe -571- INFO    - You have selected BB_quiche recipe
2025-02-11T12:03:32.222339-0700 - __main__-   save_recipe -515- INFO    - ingredients [['113', 'g', 'cream_cheese'], ['115', 'g', 'butter'], ['67', 'g', 'flour_unbleached'], ['109', 'g', 'bacon'], ['165', 'g', 'eggs'], ['69', 'g', 'onion'], ['265', 'g', 'gruyere'], ['190', 'g', 'cream']] 
2025-02-11T12:03:32.223398-0700 - __main__-   create_pandas_frame -470- INFO    -  name BB_quiche and record [['113', 'g', 'cream_cheese'], ['115', 'g', 'butter'], ['67', 'g', 'flour_unbleached'], ['109', 'g', 'bacon'], ['165', 'g', 'eggs'], ['69', 'g', 'onion'], ['265', 'g', 'gruyere'], ['190', 'g', 'cream']] for recipes
2025-02-11T13:10:09.690507-0700 - __main__-   __init__ -176- INFO    - ******************************************************************************************************** 



2025-02-11T13:10:09.690978-0700 - __main__-   __init__ -178- INFO    -  This is version 0.4
2025-02-11T13:10:09.691069-0700 - __main__-   __init__ -179- INFO    - 


***************************************************************************************************** 

2025-02-11T13:10:11.107314-0700 - __main__-   ConnectDataBase -200- INFO    - connection succsessful
2025-02-11T13:10:11.107657-0700 - __main__-   ConnectDataBase -204- INFO    -  database connection name qt_sql_default_connection
2025-02-11T13:10:17.620196-0700 - __main__-   getSelectedRecipe -571- INFO    - You have selected BB_quiche recipe
2025-02-11T13:10:20.108671-0700 - __main__-   save_recipe -515- INFO    - ingredients [['113', 'g', 'cream_cheese'], ['115', 'g', 'butter'], ['67', 'g', 'flour_unbleached'], ['109', 'g', 'bacon'], ['165', 'g', 'eggs'], ['69', 'g', 'onion'], ['265', 'g', 'gruyere'], ['190', 'g', 'cream']] 
2025-02-11T13:10:20.109220-0700 - __main__-   create_pandas_frame -470- INFO    -  name BB_quiche and record [['113', 'g', 'cream_cheese'], ['115', 'g', 'butter'], ['67', 'g', 'flour_unbleached'], ['109', 'g', 'bacon'], ['165', 'g', 'eggs'], ['69', 'g', 'onion'], ['265', 'g', 'gruyere'], ['190', 'g', 'cream']] for recipes
2025-02-11T13:11:11.996051-0700 - __main__-   __init__ -176- INFO    - ******************************************************************************************************** 



2025-02-11T13:11:11.996567-0700 - __main__-   __init__ -178- INFO    -  This is version 0.4
2025-02-11T13:11:11.996706-0700 - __main__-   __init__ -179- INFO    - 


***************************************************************************************************** 

2025-02-11T13:11:12.077546-0700 - __main__-   ConnectDataBase -200- INFO    - connection succsessful
2025-02-11T13:11:12.077841-0700 - __main__-   ConnectDataBase -204- INFO    -  database connection name qt_sql_default_connection
2025-02-11T13:11:28.836355-0700 - __main__-   getSelectedRecipe -571- INFO    - You have selected birnenparfait recipe
2025-02-11T13:11:31.103092-0700 - __main__-   save_recipe -515- INFO    - ingredients [['500', 'g', 'Pear'], ['150', 'g', 'Sugar'], ['50', 'g', 'White_wine'], ['51.24', 'g', 'Egg_yoke'], ['400', 'g', 'Cream'], ['100', 'g', 'Chocolate_dark']] 
2025-02-11T13:11:31.103698-0700 - __main__-   create_pandas_frame -470- INFO    -  name birnenparfait and record [['500', 'g', 'Pear'], ['150', 'g', 'Sugar'], ['50', 'g', 'White_wine'], ['51.24', 'g', 'Egg_yoke'], ['400', 'g', 'Cream'], ['100', 'g', 'Chocolate_dark']] for recipes
2025-02-11T14:16:40.440338-0700 - __main__-   __init__ -176- INFO    - ******************************************************************************************************** 



2025-02-11T14:16:40.441117-0700 - __main__-   __init__ -178- INFO    -  This is version 0.4
2025-02-11T14:16:40.441255-0700 - __main__-   __init__ -179- INFO    - 


***************************************************************************************************** 

2025-02-11T14:16:41.852136-0700 - __main__-   ConnectDataBase -200- INFO    - connection succsessful
2025-02-11T14:16:41.852480-0700 - __main__-   ConnectDataBase -204- INFO    -  database connection name qt_sql_default_connection
2025-02-11T14:16:49.721532-0700 - __main__-   getSelectedRecipe -571- INFO    - You have selected BB_quiche recipe
2025-02-11T14:17:23.463448-0700 - __main__-   save_recipe -515- INFO    - ingredients [['113', 'g', 'cream_cheese'], ['115', 'g', 'butter'], ['67', 'g', 'flour_unbleached'], ['109', 'g', 'bacon'], ['165', 'g', 'eggs'], ['69', 'g', 'onion'], ['265', 'g', 'gruyere'], ['190', 'g', 'cream']] 
2025-02-11T14:17:23.466029-0700 - __main__-   create_pandas_frame -470- INFO    -  name BB_quiche and record [['113', 'g', 'cream_cheese'], ['115', 'g', 'butter'], ['67', 'g', 'flour_unbleached'], ['109', 'g', 'bacon'], ['165', 'g', 'eggs'], ['69', 'g', 'onion'], ['265', 'g', 'gruyere'], ['190', 'g', 'cream']] for recipes
2025-02-11T14:26:39.015519-0700 - __main__-   __init__ -176- INFO    - ******************************************************************************************************** 



2025-02-11T14:26:39.016080-0700 - __main__-   __init__ -178- INFO    -  This is version 0.4
2025-02-11T14:26:39.016168-0700 - __main__-   __init__ -179- INFO    - 


***************************************************************************************************** 

2025-02-11T14:26:39.133128-0700 - __main__-   ConnectDataBase -200- INFO    - connection succsessful
2025-02-11T14:26:39.133424-0700 - __main__-   ConnectDataBase -204- INFO    -  database connection name qt_sql_default_connection
2025-02-11T14:26:44.939264-0700 - __main__-   getSelectedRecipe -571- INFO    - You have selected bean_gratin recipe
2025-02-11T14:26:46.386313-0700 - __main__-   save_recipe -515- INFO    - ingredients [['100', 'g', 'beans_dried'], ['100', 'g', 'bacon'], ['81', 'g', 'onions'], ['271', 'g', 'tomato'], ['27', 'g', 'bread_crumbs'], ['80', 'g', 'gruyere']] 
2025-02-11T14:26:46.387018-0700 - __main__-   create_pandas_frame -470- INFO    -  name bean_gratin and record [['100', 'g', 'beans_dried'], ['100', 'g', 'bacon'], ['81', 'g', 'onions'], ['271', 'g', 'tomato'], ['27', 'g', 'bread_crumbs'], ['80', 'g', 'gruyere']] for recipes
2025-02-11T14:28:15.167565-0700 - __main__-   __init__ -176- INFO    - ******************************************************************************************************** 



2025-02-11T14:28:15.168047-0700 - __main__-   __init__ -178- INFO    -  This is version 0.4
2025-02-11T14:28:15.168234-0700 - __main__-   __init__ -179- INFO    - 


***************************************************************************************************** 

2025-02-11T14:28:16.507652-0700 - __main__-   ConnectDataBase -200- INFO    - connection succsessful
2025-02-11T14:28:16.507974-0700 - __main__-   ConnectDataBase -204- INFO    -  database connection name qt_sql_default_connection
2025-02-11T14:28:19.965332-0700 - __main__-   getSelectedRecipe -571- INFO    - You have selected basil_tenderloin recipe
2025-02-11T14:28:21.231526-0700 - __main__-   save_recipe -515- INFO    - ingredients [['30', 'g', 'almonds'], ['60', 'g', 'dry_tomatoes'], ['516', 'g', 'tenderloin']] 
2025-02-11T14:28:21.232468-0700 - __main__-   create_pandas_frame -470- INFO    -  name basil_tenderloin and record [['30', 'g', 'almonds'], ['60', 'g', 'dry_tomatoes'], ['516', 'g', 'tenderloin']] for recipes
2025-02-11T14:31:59.584594-0700 - __main__-   __init__ -176- INFO    - ******************************************************************************************************** 



2025-02-11T14:31:59.585656-0700 - __main__-   __init__ -178- INFO    -  This is version 0.4
2025-02-11T14:31:59.585826-0700 - __main__-   __init__ -179- INFO    - 


***************************************************************************************************** 

2025-02-11T14:31:59.665481-0700 - __main__-   ConnectDataBase -200- INFO    - connection succsessful
2025-02-11T14:31:59.665833-0700 - __main__-   ConnectDataBase -204- INFO    -  database connection name qt_sql_default_connection
2025-02-11T14:32:04.207821-0700 - __main__-   getSelectedRecipe -571- INFO    - You have selected beet_gnocchi recipe
2025-02-11T14:32:05.824869-0700 - __main__-   save_recipe -515- INFO    - ingredients [['309', 'g', 'beet'], ['425', 'g', 'ricotta'], ['65', 'g', 'mascarpone'], ['325', 'g', 'spelt_flour']] 
2025-02-11T14:32:05.825686-0700 - __main__-   create_pandas_frame -470- INFO    -  name beet_gnocchi and record [['309', 'g', 'beet'], ['425', 'g', 'ricotta'], ['65', 'g', 'mascarpone'], ['325', 'g', 'spelt_flour']] for recipes
2025-02-11T14:41:25.148580-0700 - __main__-   __init__ -176- INFO    - ******************************************************************************************************** 



2025-02-11T14:41:25.149321-0700 - __main__-   __init__ -178- INFO    -  This is version 0.4
2025-02-11T14:41:25.149494-0700 - __main__-   __init__ -179- INFO    - 


***************************************************************************************************** 

2025-02-11T14:41:25.230695-0700 - __main__-   ConnectDataBase -200- INFO    - connection succsessful
2025-02-11T14:41:25.231018-0700 - __main__-   ConnectDataBase -204- INFO    -  database connection name qt_sql_default_connection
2025-02-11T14:41:33.098271-0700 - __main__-   getSelectedRecipe -571- INFO    - You have selected beet_cheese_gratin recipe
2025-02-11T14:41:34.182515-0700 - __main__-   save_recipe -515- INFO    - ingredients [['415', 'g', 'beets'], ['158', 'g', 'ham'], ['160', 'g', 'raclette'], ['55', 'g', 'eggs'], ['100', 'g', 'milk'], ['40', 'g', 'cr_bread']] 
2025-02-11T14:41:34.182879-0700 - __main__-   create_pandas_frame -470- INFO    -  name beet_cheese_gratin and record [['415', 'g', 'beets'], ['158', 'g', 'ham'], ['160', 'g', 'raclette'], ['55', 'g', 'eggs'], ['100', 'g', 'milk'], ['40', 'g', 'cr_bread']] for recipes
2025-02-11T14:43:21.048559-0700 - __main__-   __init__ -176- INFO    - ******************************************************************************************************** 



2025-02-11T14:43:21.049319-0700 - __main__-   __init__ -178- INFO    -  This is version 0.4
2025-02-11T14:43:21.049481-0700 - __main__-   __init__ -179- INFO    - 


***************************************************************************************************** 

2025-02-11T14:43:21.129992-0700 - __main__-   ConnectDataBase -200- INFO    - connection succsessful
2025-02-11T14:43:21.130293-0700 - __main__-   ConnectDataBase -204- INFO    -  database connection name qt_sql_default_connection
2025-02-11T14:43:27.528921-0700 - __main__-   __init__ -176- INFO    - ******************************************************************************************************** 



2025-02-11T14:43:27.529649-0700 - __main__-   __init__ -178- INFO    -  This is version 0.4
2025-02-11T14:43:27.529788-0700 - __main__-   __init__ -179- INFO    - 


***************************************************************************************************** 

2025-02-11T14:43:27.588925-0700 - __main__-   ConnectDataBase -200- INFO    - connection succsessful
2025-02-11T14:43:27.589278-0700 - __main__-   ConnectDataBase -204- INFO    -  database connection name qt_sql_default_connection
2025-02-11T14:43:32.831620-0700 - __main__-   getSelectedRecipe -571- INFO    - You have selected basil_tenderloin recipe
2025-02-11T14:43:34.698491-0700 - __main__-   save_recipe -515- INFO    - ingredients [['30', 'g', 'almonds'], ['60', 'g', 'dry_tomatoes'], ['516', 'g', 'tenderloin']] 
2025-02-11T14:43:34.699209-0700 - __main__-   create_pandas_frame -470- INFO    -  name basil_tenderloin and record [['30', 'g', 'almonds'], ['60', 'g', 'dry_tomatoes'], ['516', 'g', 'tenderloin']] for recipes
2025-02-11T14:47:08.719465-0700 - __main__-   __init__ -176- INFO    - ******************************************************************************************************** 



2025-02-11T14:47:08.720393-0700 - __main__-   __init__ -178- INFO    -  This is version 0.4
2025-02-11T14:47:08.720533-0700 - __main__-   __init__ -179- INFO    - 


***************************************************************************************************** 

2025-02-11T14:47:10.109908-0700 - __main__-   ConnectDataBase -200- INFO    - connection succsessful
2025-02-11T14:47:10.110240-0700 - __main__-   ConnectDataBase -204- INFO    -  database connection name qt_sql_default_connection
2025-02-11T14:47:13.220016-0700 - __main__-   getSelectedRecipe -571- INFO    - You have selected beet_potato recipe
2025-02-11T14:47:14.429297-0700 - __main__-   save_recipe -515- INFO    - ingredients [['601', 'g', 'beet'], ['605', 'g', 'potato'], ['362', 'g', 'beef'], ['150', 'g', 'bacon'], ['68', 'g', 'dried_tomato'], ['21', 'g', 'butter'], ['300', 'g', 'bouillon']] 
2025-02-11T14:47:14.429825-0700 - __main__-   create_pandas_frame -470- INFO    -  name beet_potato and record [['601', 'g', 'beet'], ['605', 'g', 'potato'], ['362', 'g', 'beef'], ['150', 'g', 'bacon'], ['68', 'g', 'dried_tomato'], ['21', 'g', 'butter'], ['300', 'g', 'bouillon']] for recipes
2025-02-11T14:48:29.064347-0700 - __main__-   __init__ -176- INFO    - ******************************************************************************************************** 



2025-02-11T14:48:29.065283-0700 - __main__-   __init__ -178- INFO    -  This is version 0.4
2025-02-11T14:48:29.065421-0700 - __main__-   __init__ -179- INFO    - 


***************************************************************************************************** 

2025-02-11T14:48:29.144803-0700 - __main__-   ConnectDataBase -200- INFO    - connection succsessful
2025-02-11T14:48:29.145148-0700 - __main__-   ConnectDataBase -204- INFO    -  database connection name qt_sql_default_connection
2025-02-11T14:48:34.438627-0700 - __main__-   getSelectedRecipe -571- INFO    - You have selected BB_quiche recipe
2025-02-11T14:48:37.704467-0700 - __main__-   save_recipe -515- INFO    - ingredients [['113', 'g', 'cream_cheese'], ['115', 'g', 'butter'], ['67', 'g', 'flour_unbleached'], ['109', 'g', 'bacon'], ['165', 'g', 'eggs'], ['69', 'g', 'onion'], ['265', 'g', 'gruyere'], ['190', 'g', 'cream']] 
2025-02-11T14:48:37.704866-0700 - __main__-   create_pandas_frame -470- INFO    -  name BB_quiche and record [['113', 'g', 'cream_cheese'], ['115', 'g', 'butter'], ['67', 'g', 'flour_unbleached'], ['109', 'g', 'bacon'], ['165', 'g', 'eggs'], ['69', 'g', 'onion'], ['265', 'g', 'gruyere'], ['190', 'g', 'cream']] for recipes
2025-02-11T14:50:39.956190-0700 - __main__-   __init__ -176- INFO    - ******************************************************************************************************** 



2025-02-11T14:50:39.956908-0700 - __main__-   __init__ -178- INFO    -  This is version 0.4
2025-02-11T14:50:39.957078-0700 - __main__-   __init__ -179- INFO    - 


***************************************************************************************************** 

2025-02-11T14:50:40.041087-0700 - __main__-   ConnectDataBase -200- INFO    - connection succsessful
2025-02-11T14:50:40.041432-0700 - __main__-   ConnectDataBase -204- INFO    -  database connection name qt_sql_default_connection
2025-02-11T14:50:44.602295-0700 - __main__-   getSelectedRecipe -572- INFO    - You have selected beet_potato recipe
2025-02-11T14:50:46.456055-0700 - __main__-   save_recipe -516- INFO    - ingredients [['601', 'g', 'beet'], ['605', 'g', 'potato'], ['362', 'g', 'beef'], ['150', 'g', 'bacon'], ['68', 'g', 'dried_tomato'], ['21', 'g', 'butter'], ['300', 'g', 'bouillon']] 
2025-02-11T14:50:46.456588-0700 - __main__-   create_pandas_frame -470- INFO    -  name beet_potato and record [['601', 'g', 'beet'], ['605', 'g', 'potato'], ['362', 'g', 'beef'], ['150', 'g', 'bacon'], ['68', 'g', 'dried_tomato'], ['21', 'g', 'butter'], ['300', 'g', 'bouillon']] for recipes
2025-02-11T14:53:10.711769-0700 - __main__-   __init__ -176- INFO    - ******************************************************************************************************** 



2025-02-11T14:53:10.712224-0700 - __main__-   __init__ -178- INFO    -  This is version 0.4
2025-02-11T14:53:10.712337-0700 - __main__-   __init__ -179- INFO    - 


***************************************************************************************************** 

2025-02-11T14:53:12.019714-0700 - __main__-   ConnectDataBase -200- INFO    - connection succsessful
2025-02-11T14:53:12.020157-0700 - __main__-   ConnectDataBase -204- INFO    -  database connection name qt_sql_default_connection
2025-02-11T14:53:17.634564-0700 - __main__-   getSelectedRecipe -572- INFO    - You have selected beet_potato recipe
2025-02-11T14:53:19.886869-0700 - __main__-   save_recipe -516- INFO    - ingredients [['601', 'g', 'beet'], ['605', 'g', 'potato'], ['362', 'g', 'beef'], ['150', 'g', 'bacon'], ['68', 'g', 'dried_tomato'], ['21', 'g', 'butter'], ['300', 'g', 'bouillon']] 
2025-02-11T14:53:19.887651-0700 - __main__-   create_pandas_frame -470- INFO    -  name beet_potato and record [['601', 'g', 'beet'], ['605', 'g', 'potato'], ['362', 'g', 'beef'], ['150', 'g', 'bacon'], ['68', 'g', 'dried_tomato'], ['21', 'g', 'butter'], ['300', 'g', 'bouillon']] for recipes
2025-02-11T15:10:33.285139-0700 - __main__-   __init__ -176- INFO    - ******************************************************************************************************** 



2025-02-11T15:10:33.285699-0700 - __main__-   __init__ -178- INFO    -  This is version 0.4
2025-02-11T15:10:33.285906-0700 - __main__-   __init__ -179- INFO    - 


***************************************************************************************************** 

2025-02-11T15:10:34.420400-0700 - __main__-   ConnectDataBase -200- INFO    - connection succsessful
2025-02-11T15:10:34.420802-0700 - __main__-   ConnectDataBase -204- INFO    -  database connection name qt_sql_default_connection
2025-02-11T15:10:38.821234-0700 - __main__-   getSelectedRecipe -572- INFO    - You have selected barley_soup recipe
2025-02-11T15:10:42.687162-0700 - __main__-   save_recipe -516- INFO    - ingredients [['0', 'g', 'onion'], ['0', 'g', 'pork_stew'], ['0', 'g', 'bacon'], ['548', 'g', 'sausage_281'], ['273g', 'carrots282', 'g_leek'], ['0', 'g', 'celery'], ['300', 'g', 'lima'], ['250', 'g', 'barley_dry'], ['584', 'g', 'potato']] 
2025-02-11T15:10:42.689186-0700 - __main__-   create_pandas_frame -470- INFO    -  name barley_soup and record [['0', 'g', 'onion'], ['0', 'g', 'pork_stew'], ['0', 'g', 'bacon'], ['548', 'g', 'sausage_281'], ['273g', 'carrots282', 'g_leek'], ['0', 'g', 'celery'], ['300', 'g', 'lima'], ['250', 'g', 'barley_dry'], ['584', 'g', 'potato']] for recipes
2025-02-11T15:19:35.661482-0700 - __main__-   __init__ -176- INFO    - ******************************************************************************************************** 



2025-02-11T15:19:35.661899-0700 - __main__-   __init__ -178- INFO    -  This is version 0.4
2025-02-11T15:19:35.661986-0700 - __main__-   __init__ -179- INFO    - 


***************************************************************************************************** 

2025-02-11T15:19:36.762166-0700 - __main__-   ConnectDataBase -200- INFO    - connection succsessful
2025-02-11T15:19:36.762440-0700 - __main__-   ConnectDataBase -204- INFO    -  database connection name qt_sql_default_connection
2025-02-11T15:19:56.451223-0700 - __main__-   getSelectedRecipe -572- INFO    - You have selected barley_soup recipe
2025-02-11T15:19:59.052174-0700 - __main__-   save_recipe -516- INFO    - ingredients [['0', 'g', 'onion'], ['0', 'g', 'pork_stew'], ['0', 'g', 'bacon'], ['548', 'g', 'sausage_281'], ['273g', 'carrots282', 'g_leek'], ['0', 'g', 'celery'], ['300', 'g', 'lima'], ['250', 'g', 'barley_dry'], ['584', 'g', 'potato']] 
2025-02-11T15:19:59.052699-0700 - __main__-   create_pandas_frame -470- INFO    -  name barley_soup and record [['0', 'g', 'onion'], ['0', 'g', 'pork_stew'], ['0', 'g', 'bacon'], ['548', 'g', 'sausage_281'], ['273g', 'carrots282', 'g_leek'], ['0', 'g', 'celery'], ['300', 'g', 'lima'], ['250', 'g', 'barley_dry'], ['584', 'g', 'potato']] for recipes
2025-02-11T15:22:03.676006-0700 - __main__-   __init__ -176- INFO    - ******************************************************************************************************** 



2025-02-11T15:22:03.677137-0700 - __main__-   __init__ -178- INFO    -  This is version 0.4
2025-02-11T15:22:03.677300-0700 - __main__-   __init__ -179- INFO    - 


***************************************************************************************************** 

2025-02-11T15:22:03.760700-0700 - __main__-   ConnectDataBase -200- INFO    - connection succsessful
2025-02-11T15:22:03.761030-0700 - __main__-   ConnectDataBase -204- INFO    -  database connection name qt_sql_default_connection
2025-02-11T15:22:08.018076-0700 - __main__-   getSelectedRecipe -572- INFO    - You have selected beet-barlye recipe
2025-02-11T15:22:10.728740-0700 - __main__-   save_recipe -516- INFO    - ingredients [['377', 'g', 'beets'], ['104', 'g', 'barley_dry'], ['130', '', 'g_onions'], ['46', 'g', 'parmesan']] 
2025-02-11T15:22:10.729687-0700 - __main__-   create_pandas_frame -470- INFO    -  name beet-barlye and record [['377', 'g', 'beets'], ['104', 'g', 'barley_dry'], ['130', '', 'g_onions'], ['46', 'g', 'parmesan']] for recipes
2025-02-11T15:23:06.242096-0700 - __main__-   __init__ -176- INFO    - ******************************************************************************************************** 



2025-02-11T15:23:06.243216-0700 - __main__-   __init__ -178- INFO    -  This is version 0.4
2025-02-11T15:23:06.243419-0700 - __main__-   __init__ -179- INFO    - 


***************************************************************************************************** 

2025-02-11T15:23:06.323555-0700 - __main__-   ConnectDataBase -200- INFO    - connection succsessful
2025-02-11T15:23:06.323886-0700 - __main__-   ConnectDataBase -204- INFO    -  database connection name qt_sql_default_connection
2025-02-11T15:23:10.016076-0700 - __main__-   getSelectedRecipe -572- INFO    - You have selected beet-barlye recipe
2025-02-11T15:23:11.831744-0700 - __main__-   save_recipe -516- INFO    - ingredients [['377', 'g', 'beets'], ['104', 'g', 'barley_dry'], ['130', '', 'g_onions'], ['46', 'g', 'parmesan']] 
2025-02-11T15:23:11.832245-0700 - __main__-   create_pandas_frame -470- INFO    -  name beet-barlye and record [['377', 'g', 'beets'], ['104', 'g', 'barley_dry'], ['130', '', 'g_onions'], ['46', 'g', 'parmesan']] for recipes
2025-02-11T15:26:24.196953-0700 - __main__-   __init__ -176- INFO    - ******************************************************************************************************** 



2025-02-11T15:26:24.197352-0700 - __main__-   __init__ -178- INFO    -  This is version 0.4
2025-02-11T15:26:24.197436-0700 - __main__-   __init__ -179- INFO    - 


***************************************************************************************************** 

2025-02-11T15:26:25.267986-0700 - __main__-   ConnectDataBase -200- INFO    - connection succsessful
2025-02-11T15:26:25.268266-0700 - __main__-   ConnectDataBase -204- INFO    -  database connection name qt_sql_default_connection
2025-02-11T15:27:07.963267-0700 - __main__-   __init__ -176- INFO    - ******************************************************************************************************** 



2025-02-11T15:27:07.963878-0700 - __main__-   __init__ -178- INFO    -  This is version 0.4
2025-02-11T15:27:07.963971-0700 - __main__-   __init__ -179- INFO    - 


***************************************************************************************************** 

2025-02-11T15:27:08.022371-0700 - __main__-   ConnectDataBase -200- INFO    - connection succsessful
2025-02-11T15:27:08.022666-0700 - __main__-   ConnectDataBase -204- INFO    -  database connection name qt_sql_default_connection
2025-02-11T15:27:22.628924-0700 - __main__-   getSelectedRecipe -572- INFO    - You have selected aprikosenwaehe recipe
2025-02-11T15:27:29.648777-0700 - __main__-   save_recipe -516- INFO    - ingredients [['177', 'g', 'Flour_unbleached'], ['79', 'g', 'Butter'], ['33', 'g', 'Almond_flour'], ['480', 'g', 'Apricots_frozen'], ['55', 'g', 'Egg'], ['103', 'g', 'Milk'], ['8', 'g', 'Sugar']] 
2025-02-11T15:27:29.649416-0700 - __main__-   create_pandas_frame -470- INFO    -  name aprikosenwaehe and record [['177', 'g', 'Flour_unbleached'], ['79', 'g', 'Butter'], ['33', 'g', 'Almond_flour'], ['480', 'g', 'Apricots_frozen'], ['55', 'g', 'Egg'], ['103', 'g', 'Milk'], ['8', 'g', 'Sugar']] for recipes
2025-02-11T15:31:52.914482-0700 - __main__-   __init__ -176- INFO    - ******************************************************************************************************** 



2025-02-11T15:31:52.915260-0700 - __main__-   __init__ -178- INFO    -  This is version 0.4
2025-02-11T15:31:52.915445-0700 - __main__-   __init__ -179- INFO    - 


***************************************************************************************************** 

2025-02-11T15:31:54.295376-0700 - __main__-   ConnectDataBase -200- INFO    - connection succsessful
2025-02-11T15:31:54.295707-0700 - __main__-   ConnectDataBase -204- INFO    -  database connection name qt_sql_default_connection
2025-02-11T15:32:08.617390-0700 - __main__-   getSelectedRecipe -572- INFO    - You have selected asian_chicken_soup recipe
2025-02-11T15:32:32.908659-0700 - __main__-   save_recipe -516- INFO    - ingredients [['207', 'g', 'carrot'], ['232', 'g', 'leek'], ['103', 'g', 'orzo'], ['100', 'g', 'onions'], ['400', 'g', 'coconut_cream'], ['1300', 'g', 'bouillon'], ['450', 'g', 'chicken_breast'], ['0', 'g', 'walnut']] 
2025-02-11T15:32:32.910519-0700 - __main__-   create_pandas_frame -470- INFO    -  name asian_chicken_soup and record [['207', 'g', 'carrot'], ['232', 'g', 'leek'], ['103', 'g', 'orzo'], ['100', 'g', 'onions'], ['400', 'g', 'coconut_cream'], ['1300', 'g', 'bouillon'], ['450', 'g', 'chicken_breast'], ['0', 'g', 'walnut']] for recipes
2025-02-11T15:35:27.610393-0700 - __main__-   __init__ -176- INFO    - ******************************************************************************************************** 



2025-02-11T15:35:27.611096-0700 - __main__-   __init__ -178- INFO    -  This is version 0.4
2025-02-11T15:35:27.611237-0700 - __main__-   __init__ -179- INFO    - 


***************************************************************************************************** 

2025-02-11T15:35:27.692895-0700 - __main__-   ConnectDataBase -200- INFO    - connection succsessful
2025-02-11T15:35:27.693184-0700 - __main__-   ConnectDataBase -204- INFO    -  database connection name qt_sql_default_connection
2025-02-11T16:02:45.268644-0700 - __main__-   __init__ -176- INFO    - ******************************************************************************************************** 



2025-02-11T16:02:45.269105-0700 - __main__-   __init__ -178- INFO    -  This is version 0.4
2025-02-11T16:02:45.269281-0700 - __main__-   __init__ -179- INFO    - 


***************************************************************************************************** 

2025-02-11T16:02:46.739541-0700 - __main__-   ConnectDataBase -200- INFO    - connection succsessful
2025-02-11T16:02:46.739832-0700 - __main__-   ConnectDataBase -204- INFO    -  database connection name qt_sql_default_connection
2025-02-11T16:02:50.966776-0700 - __main__-   getSelectedRecipe -583- INFO    - You have selected avocado_cream recipe
2025-02-11T16:02:59.036675-0700 - __main__-   save_recipe -527- INFO    - ingredients [['230', 'g', 'avocado'], ['40', 'g', 'lemon'], ['154', 'g', 'yogurt_nancy']] 
2025-02-11T16:02:59.037531-0700 - __main__-   create_pandas_frame -470- INFO    -  name avocado_cream and record [['230', 'g', 'avocado'], ['40', 'g', 'lemon'], ['154', 'g', 'yogurt_nancy']] for recipes
2025-02-11T16:03:20.553795-0700 - __main__-   __init__ -176- INFO    - ******************************************************************************************************** 



2025-02-11T16:03:20.554233-0700 - __main__-   __init__ -178- INFO    -  This is version 0.4
2025-02-11T16:03:20.554317-0700 - __main__-   __init__ -179- INFO    - 


***************************************************************************************************** 

2025-02-11T16:03:20.629958-0700 - __main__-   ConnectDataBase -200- INFO    - connection succsessful
2025-02-11T16:03:20.630235-0700 - __main__-   ConnectDataBase -204- INFO    -  database connection name qt_sql_default_connection
2025-02-11T16:03:27.516214-0700 - __main__-   getSelectedRecipe -583- INFO    - You have selected avocado_filled recipe
2025-02-11T16:03:29.776879-0700 - __main__-   save_recipe -527- INFO    - ingredients [['19', 'g', 'almond'], ['79', 'g', 'boursin'], ['270', 'g', 'avocado']] 
2025-02-11T16:03:29.777445-0700 - __main__-   create_pandas_frame -470- INFO    -  name avocado_filled and record [['19', 'g', 'almond'], ['79', 'g', 'boursin'], ['270', 'g', 'avocado']] for recipes
2025-02-11T16:03:43.905870-0700 - __main__-   __init__ -176- INFO    - ******************************************************************************************************** 



2025-02-11T16:03:43.906281-0700 - __main__-   __init__ -178- INFO    -  This is version 0.4
2025-02-11T16:03:43.906367-0700 - __main__-   __init__ -179- INFO    - 


***************************************************************************************************** 

2025-02-11T16:03:43.981031-0700 - __main__-   ConnectDataBase -200- INFO    - connection succsessful
2025-02-11T16:03:43.981327-0700 - __main__-   ConnectDataBase -204- INFO    -  database connection name qt_sql_default_connection
2025-02-11T16:03:52.949141-0700 - __main__-   getSelectedRecipe -583- INFO    - You have selected avocado_mousse recipe
2025-02-11T16:04:33.711773-0700 - __main__-   __init__ -176- INFO    - ******************************************************************************************************** 



2025-02-11T16:04:33.712190-0700 - __main__-   __init__ -178- INFO    -  This is version 0.4
2025-02-11T16:04:33.712301-0700 - __main__-   __init__ -179- INFO    - 


***************************************************************************************************** 

2025-02-11T16:04:33.788346-0700 - __main__-   ConnectDataBase -200- INFO    - connection succsessful
2025-02-11T16:04:33.788643-0700 - __main__-   ConnectDataBase -204- INFO    -  database connection name qt_sql_default_connection
2025-02-11T16:04:37.885597-0700 - __main__-   getSelectedRecipe -583- INFO    - You have selected avocado_mousse recipe
2025-02-11T16:04:40.851034-0700 - __main__-   save_recipe -527- INFO    - ingredients [['280', 'g', 'avocado'], ['130', 'g', 'mascarpone']] 
2025-02-11T16:04:40.851376-0700 - __main__-   create_pandas_frame -470- INFO    -  name avocado_mousse and record [['280', 'g', 'avocado'], ['130', 'g', 'mascarpone']] for recipes
2025-02-11T16:04:49.425679-0700 - __main__-   __init__ -176- INFO    - ******************************************************************************************************** 



2025-02-11T16:04:49.426071-0700 - __main__-   __init__ -178- INFO    -  This is version 0.4
2025-02-11T16:04:49.426155-0700 - __main__-   __init__ -179- INFO    - 


***************************************************************************************************** 

2025-02-11T16:04:49.483628-0700 - __main__-   ConnectDataBase -200- INFO    - connection succsessful
2025-02-11T16:04:49.483968-0700 - __main__-   ConnectDataBase -204- INFO    -  database connection name qt_sql_default_connection
2025-02-11T16:05:02.600315-0700 - __main__-   getSelectedRecipe -583- INFO    - You have selected bean_bacon_gratin recipe
2025-02-11T16:05:05.903385-0700 - __main__-   save_recipe -527- INFO    - ingredients [['129', 'g', 'beans']] 
2025-02-11T16:05:05.905481-0700 - __main__-   create_pandas_frame -470- INFO    -  name bean_bacon_gratin and record [['129', 'g', 'beans']] for recipes
2025-02-11T16:06:29.997585-0700 - __main__-   __init__ -176- INFO    - ******************************************************************************************************** 



2025-02-11T16:06:29.998091-0700 - __main__-   __init__ -178- INFO    -  This is version 0.4
2025-02-11T16:06:29.998185-0700 - __main__-   __init__ -179- INFO    - 


***************************************************************************************************** 

2025-02-11T16:06:30.071639-0700 - __main__-   ConnectDataBase -200- INFO    - connection succsessful
2025-02-11T16:06:30.071944-0700 - __main__-   ConnectDataBase -204- INFO    -  database connection name qt_sql_default_connection
2025-02-11T16:07:04.429381-0700 - __main__-   getSelectedRecipe -583- INFO    - You have selected asian_chicken_soup recipe
2025-02-11T16:07:14.997718-0700 - __main__-   save_recipe -527- INFO    - ingredients [['207', 'g', 'carrot'], ['232', 'g', 'leek'], ['103', 'g', 'orzo'], ['100', 'g', 'onions'], ['400', 'g', 'coconut_cream'], ['1300', 'g', 'bouillon'], ['450', 'g', 'chicken_breast'], ['0', 'g', 'walnut']] 
2025-02-11T16:07:14.999854-0700 - __main__-   create_pandas_frame -470- INFO    -  name asian_chicken_soup and record [['207', 'g', 'carrot'], ['232', 'g', 'leek'], ['103', 'g', 'orzo'], ['100', 'g', 'onions'], ['400', 'g', 'coconut_cream'], ['1300', 'g', 'bouillon'], ['450', 'g', 'chicken_breast'], ['0', 'g', 'walnut']] for recipes
2025-02-11T16:10:37.925350-0700 - __main__-   __init__ -176- INFO    - ******************************************************************************************************** 



2025-02-11T16:10:37.925841-0700 - __main__-   __init__ -178- INFO    -  This is version 0.4
2025-02-11T16:10:37.926002-0700 - __main__-   __init__ -179- INFO    - 


***************************************************************************************************** 

2025-02-11T16:10:39.227509-0700 - __main__-   ConnectDataBase -200- INFO    - connection succsessful
2025-02-11T16:10:39.227791-0700 - __main__-   ConnectDataBase -204- INFO    -  database connection name qt_sql_default_connection
2025-02-11T16:10:48.766632-0700 - __main__-   getSelectedRecipe -583- INFO    - You have selected asian_chicken_soup recipe
2025-02-11T16:11:25.029377-0700 - __main__-   getSelectedRecipe -583- INFO    - You have selected asian_chicken_soup; recipe
2025-02-11T16:58:12.091491-0700 - __main__-   __init__ -176- INFO    - ******************************************************************************************************** 



2025-02-11T16:58:12.092350-0700 - __main__-   __init__ -178- INFO    -  This is version 0.4
2025-02-11T16:58:12.092490-0700 - __main__-   __init__ -179- INFO    - 


***************************************************************************************************** 

2025-02-11T16:58:12.196480-0700 - __main__-   ConnectDataBase -200- INFO    - connection succsessful
2025-02-11T16:58:12.196833-0700 - __main__-   ConnectDataBase -204- INFO    -  database connection name qt_sql_default_connection
2025-02-11T16:58:19.609091-0700 - __main__-   getSelectedRecipe -583- INFO    - You have selected aenisbroetli recipe
2025-02-11T16:58:26.393872-0700 - __main__-   getSelectedRecipe -583- INFO    - You have selected Birchermuesli recipe
2025-02-11T16:58:39.550947-0700 - __main__-   save_recipe -527- INFO    - ingredients [['402', 'g', 'yogurt_nancy'], ['0', 'g', 'apricot'], ['280', 'g', 'Muesli'], ['548', 'g', 'Banana'], ['600', 'g', 'Apple'], ['0', 'g', 'Pear'], ['351', 'g', 'mango'], ['170', 'g', 'Raspberry'], ['320', 'g', 'Blueberry'], ['0', 'g', 'blackberry'], ['0', 'g', 'walnut'], ['0', 'g', 'mango'], ['0', 'g', 'strawberry'], ['0', 'g', 'almonds'], ['0', 'g', 'yogurt_coop'], ['0', 'g', 'peache']] 
2025-02-11T16:58:39.551618-0700 - __main__-   create_pandas_frame -470- INFO    -  name Birchermuesli and record [['402', 'g', 'yogurt_nancy'], ['0', 'g', 'apricot'], ['280', 'g', 'Muesli'], ['548', 'g', 'Banana'], ['600', 'g', 'Apple'], ['0', 'g', 'Pear'], ['351', 'g', 'mango'], ['170', 'g', 'Raspberry'], ['320', 'g', 'Blueberry'], ['0', 'g', 'blackberry'], ['0', 'g', 'walnut'], ['0', 'g', 'mango'], ['0', 'g', 'strawberry'], ['0', 'g', 'almonds'], ['0', 'g', 'yogurt_coop'], ['0', 'g', 'peache']] for recipes
2025-02-11T17:01:22.227199-0700 - __main__-   __init__ -176- INFO    - ******************************************************************************************************** 



2025-02-11T17:01:22.227945-0700 - __main__-   __init__ -178- INFO    -  This is version 0.4
2025-02-11T17:01:22.228115-0700 - __main__-   __init__ -179- INFO    - 


***************************************************************************************************** 

2025-02-11T17:01:22.310114-0700 - __main__-   ConnectDataBase -200- INFO    - connection succsessful
2025-02-11T17:01:22.310420-0700 - __main__-   ConnectDataBase -204- INFO    -  database connection name qt_sql_default_connection
2025-02-11T17:01:29.900265-0700 - __main__-   getSelectedRecipe -583- INFO    - You have selected Birchermuesli recipe
2025-02-11T17:01:40.451129-0700 - __main__-   save_recipe -527- INFO    - ingredients [['402', 'g', 'yogurt_nancy'], ['0', 'g', 'apricot'], ['280', 'g', 'Muesli'], ['548', 'g', 'Banana'], ['600', 'g', 'Apple'], ['0', 'g', 'Pear'], ['351', 'g', 'mango'], ['170', 'g', 'Raspberry'], ['320', 'g', 'Blueberry'], ['0', 'g', 'blackberry'], ['0', 'g', 'walnut'], ['0', 'g', 'mango'], ['0', 'g', 'strawberry'], ['0', 'g', 'almonds'], ['0', 'g', 'yogurt_coop'], ['0', 'g', 'peache']] 
2025-02-11T17:01:40.451885-0700 - __main__-   create_pandas_frame -470- INFO    -  name Birchermuesli and record [['402', 'g', 'yogurt_nancy'], ['0', 'g', 'apricot'], ['280', 'g', 'Muesli'], ['548', 'g', 'Banana'], ['600', 'g', 'Apple'], ['0', 'g', 'Pear'], ['351', 'g', 'mango'], ['170', 'g', 'Raspberry'], ['320', 'g', 'Blueberry'], ['0', 'g', 'blackberry'], ['0', 'g', 'walnut'], ['0', 'g', 'mango'], ['0', 'g', 'strawberry'], ['0', 'g', 'almonds'], ['0', 'g', 'yogurt_coop'], ['0', 'g', 'peache']] for recipes
2025-02-11T17:01:40.459977-0700 - __main__-   do_sql -602- INFO    - query in do_sql UPDATE recipes SET ingredients = '402 g yogurt_nancy 0 g apricot 280 g Muesli 548 g Banana 600 g Apple 0 g Pear 351 g mango 170 g Raspberry 320 g Blueberry 0 g blackberry 0 g walnut 0 g mango 0 g strawberry 0 g almonds 0 g yogurt_coop 0 g peache' WHERE name = 'Birchermuesli';
2025-02-11T17:05:13.299485-0700 - __main__-   __init__ -176- INFO    - ******************************************************************************************************** 



2025-02-11T17:05:13.299975-0700 - __main__-   __init__ -178- INFO    -  This is version 0.4
2025-02-11T17:05:13.300063-0700 - __main__-   __init__ -179- INFO    - 


***************************************************************************************************** 

2025-02-11T17:05:14.616474-0700 - __main__-   ConnectDataBase -200- INFO    - connection succsessful
2025-02-11T17:05:14.616767-0700 - __main__-   ConnectDataBase -204- INFO    -  database connection name qt_sql_default_connection
2025-02-11T17:05:23.809704-0700 - __main__-   getSelectedRecipe -583- INFO    - You have selected avocado_mousse recipe
2025-02-11T17:05:30.239168-0700 - __main__-   getSelectedRecipe -583- INFO    - You have selected brunsli recipe
2025-02-11T17:05:40.190316-0700 - __main__-   getSelectedRecipe -583- INFO    - You have selected cervelat_mix recipe
2025-02-11T17:06:44.614796-0700 - __main__-   getSelectedRecipe -583- INFO    - You have selected almond_pear_tart recipe
2025-02-11T17:06:52.481346-0700 - __main__-   save_recipe -527- INFO    - ingredients [['210', 'g', 'flour_unbleached'], ['237', 'g', 'sugar'], ['150', 'g', 'butter'], ['272', 'g', 'water'], ['635', 'g', 'pear'], ['110', 'g', 'egg'], ['100', 'g', 'almond']] 
2025-02-11T17:06:52.481884-0700 - __main__-   create_pandas_frame -470- INFO    -  name almond_pear_tart and record [['210', 'g', 'flour_unbleached'], ['237', 'g', 'sugar'], ['150', 'g', 'butter'], ['272', 'g', 'water'], ['635', 'g', 'pear'], ['110', 'g', 'egg'], ['100', 'g', 'almond']] for recipes
2025-02-11T17:06:52.486536-0700 - __main__-   do_sql -602- INFO    - query in do_sql UPDATE recipes SET ingredients = '210 g flour_unbleached 237 g sugar 150 g butter 272 g water 635 g pear 110 g egg 100 g almond' WHERE name = 'almond_pear_tart';
2025-02-11T17:09:15.915718-0700 - __main__-   __init__ -176- INFO    - ******************************************************************************************************** 



2025-02-11T17:09:15.916502-0700 - __main__-   __init__ -178- INFO    -  This is version 0.4
2025-02-11T17:09:15.916688-0700 - __main__-   __init__ -179- INFO    - 


***************************************************************************************************** 

2025-02-11T17:09:15.993337-0700 - __main__-   ConnectDataBase -200- INFO    - connection succsessful
2025-02-11T17:09:15.993637-0700 - __main__-   ConnectDataBase -204- INFO    -  database connection name qt_sql_default_connection
2025-02-11T17:09:19.947649-0700 - __main__-   getSelectedRecipe -583- INFO    - You have selected BB_quiche recipe
2025-02-11T17:09:25.979437-0700 - __main__-   save_recipe -527- INFO    - ingredients [['113', 'g', 'cream_cheese'], ['115', 'g', 'butter'], ['67', 'g', 'flour_unbleached'], ['109', 'g', 'bacon'], ['165', 'g', 'eggs'], ['69', 'g', 'onion'], ['265', 'g', 'gruyere'], ['190', 'g', 'cream']] 
2025-02-11T17:09:25.980135-0700 - __main__-   create_pandas_frame -470- INFO    -  name BB_quiche and record [['113', 'g', 'cream_cheese'], ['115', 'g', 'butter'], ['67', 'g', 'flour_unbleached'], ['109', 'g', 'bacon'], ['165', 'g', 'eggs'], ['69', 'g', 'onion'], ['265', 'g', 'gruyere'], ['190', 'g', 'cream']] for recipes
2025-02-11T17:09:25.989767-0700 - __main__-   do_sql -602- INFO    - query in do_sql UPDATE recipes SET ingredients = '113 g cream_cheese 115 g butter 67 g flour_unbleached 109 g bacon 165 g eggs 69 g onion 265 g gruyere 190 g cream' WHERE name = 'BB_quiche';
2025-02-11T17:10:02.211767-0700 - __main__-   __init__ -176- INFO    - ******************************************************************************************************** 



2025-02-11T17:10:02.212502-0700 - __main__-   __init__ -178- INFO    -  This is version 0.4
2025-02-11T17:10:02.212670-0700 - __main__-   __init__ -179- INFO    - 


***************************************************************************************************** 

2025-02-11T17:10:03.514842-0700 - __main__-   ConnectDataBase -200- INFO    - connection succsessful
2025-02-11T17:10:03.515185-0700 - __main__-   ConnectDataBase -204- INFO    -  database connection name qt_sql_default_connection
2025-02-11T17:10:07.966996-0700 - __main__-   getSelectedRecipe -583- INFO    - You have selected aenisbroetli recipe
2025-02-11T17:10:13.293302-0700 - __main__-   save_recipe -527- INFO    - ingredients [['500', 'g', 'sugar'], ['265', 'g', 'egg'], ['500', 'g', 'flour_unbleached']] 
2025-02-11T17:10:13.294158-0700 - __main__-   create_pandas_frame -470- INFO    -  name aenisbroetli and record [['500', 'g', 'sugar'], ['265', 'g', 'egg'], ['500', 'g', 'flour_unbleached']] for recipes
2025-02-11T17:10:41.629108-0700 - __main__-   do_sql -602- INFO    - query in do_sql UPDATE recipes SET ingredients = '500 g sugar 265 g egg 500 g flour_unbleached' WHERE name = 'aenisbroetli';
2025-02-11T17:12:04.618778-0700 - __main__-   __init__ -176- INFO    - ******************************************************************************************************** 



2025-02-11T17:12:04.619196-0700 - __main__-   __init__ -178- INFO    -  This is version 0.4
2025-02-11T17:12:04.619312-0700 - __main__-   __init__ -179- INFO    - 


***************************************************************************************************** 

2025-02-11T17:12:04.688819-0700 - __main__-   ConnectDataBase -200- INFO    - connection succsessful
2025-02-11T17:12:04.689167-0700 - __main__-   ConnectDataBase -204- INFO    -  database connection name qt_sql_default_connection
2025-02-11T17:12:11.613515-0700 - __main__-   getSelectedRecipe -583- INFO    - You have selected bean_cakes recipe
2025-02-11T17:12:19.643086-0700 - __main__-   save_recipe -527- INFO    - ingredients [['208', 'g', 'white_beans_dry'], ['110', 'g', 'eggs'], ['80', 'g', 'parmesan'], ['28', 'g', 'bread_crumbs']] 
2025-02-11T17:12:19.643468-0700 - __main__-   create_pandas_frame -470- INFO    -  name bean_cakes and record [['208', 'g', 'white_beans_dry'], ['110', 'g', 'eggs'], ['80', 'g', 'parmesan'], ['28', 'g', 'bread_crumbs']] for recipes
2025-02-11T17:12:19.647967-0700 - __main__-   do_sql -602- INFO    - query in do_sql UPDATE recipes SET ingredients = '208 g white_beans_dry 110 g eggs 80 g parmesan 28 g bread_crumbs' WHERE name = 'bean_cakes';
2025-02-11T17:12:31.046022-0700 - __main__-   __init__ -176- INFO    - ******************************************************************************************************** 



2025-02-11T17:12:31.046474-0700 - __main__-   __init__ -178- INFO    -  This is version 0.4
2025-02-11T17:12:31.046594-0700 - __main__-   __init__ -179- INFO    - 


***************************************************************************************************** 

2025-02-11T17:12:31.124044-0700 - __main__-   ConnectDataBase -200- INFO    - connection succsessful
2025-02-11T17:12:31.124342-0700 - __main__-   ConnectDataBase -204- INFO    -  database connection name qt_sql_default_connection
2025-02-11T17:12:40.307895-0700 - __main__-   getSelectedRecipe -583- INFO    - You have selected bean_cakes recipe
2025-02-11T17:12:57.497025-0700 - __main__-   save_recipe -527- INFO    - ingredients [['208', 'g', 'white_bean_dry'], ['110', 'g', 'eggs'], ['80', 'g', 'parmesan'], ['28', 'g', 'bread_crumbs']] 
2025-02-11T17:12:57.499199-0700 - __main__-   create_pandas_frame -470- INFO    -  name bean_cakes and record [['208', 'g', 'white_bean_dry'], ['110', 'g', 'eggs'], ['80', 'g', 'parmesan'], ['28', 'g', 'bread_crumbs']] for recipes
2025-02-11T17:12:57.508337-0700 - __main__-   do_sql -602- INFO    - query in do_sql UPDATE recipes SET ingredients = '208 g white_bean_dry 110 g eggs 80 g parmesan 28 g bread_crumbs' WHERE name = 'bean_cakes';
2025-02-11T17:13:08.445990-0700 - __main__-   __init__ -176- INFO    - ******************************************************************************************************** 



2025-02-11T17:13:08.446437-0700 - __main__-   __init__ -178- INFO    -  This is version 0.4
2025-02-11T17:13:08.446543-0700 - __main__-   __init__ -179- INFO    - 


***************************************************************************************************** 

2025-02-11T17:13:08.520328-0700 - __main__-   ConnectDataBase -200- INFO    - connection succsessful
2025-02-11T17:13:08.520622-0700 - __main__-   ConnectDataBase -204- INFO    -  database connection name qt_sql_default_connection
2025-02-11T17:13:17.791267-0700 - __main__-   getSelectedRecipe -583- INFO    - You have selected bean_soup recipe
2025-02-11T17:14:03.976046-0700 - __main__-   getSelectedRecipe -583- INFO    - You have selected bean_cakes recipe
2025-02-11T17:14:48.740412-0700 - __main__-   save_recipe -527- INFO    - ingredients [['209', 'g', 'white_bean_dry'], ['110', 'g', 'egg'], ['80', 'g', 'parmesan'], ['28', 'g', 'bread_crumbs']] 
2025-02-11T17:14:48.741812-0700 - __main__-   create_pandas_frame -470- INFO    -  name bean_cakes and record [['209', 'g', 'white_bean_dry'], ['110', 'g', 'egg'], ['80', 'g', 'parmesan'], ['28', 'g', 'bread_crumbs']] for recipes
2025-02-11T17:14:48.748042-0700 - __main__-   do_sql -602- INFO    - query in do_sql UPDATE recipes SET ingredients = '209 g white_bean_dry 110 g egg 80 g parmesan 28 g bread_crumbs' WHERE name = 'bean_cakes';
2025-02-11T17:14:55.882956-0700 - __main__-   __init__ -176- INFO    - ******************************************************************************************************** 



2025-02-11T17:14:55.883339-0700 - __main__-   __init__ -178- INFO    -  This is version 0.4
2025-02-11T17:14:55.883421-0700 - __main__-   __init__ -179- INFO    - 


***************************************************************************************************** 

2025-02-11T17:14:55.942988-0700 - __main__-   ConnectDataBase -200- INFO    - connection succsessful
2025-02-11T17:14:55.943278-0700 - __main__-   ConnectDataBase -204- INFO    -  database connection name qt_sql_default_connection
2025-02-11T17:15:09.434830-0700 - __main__-   getSelectedRecipe -583- INFO    - You have selected bean_cakes recipe
2025-02-11T17:21:10.461703-0700 - __main__-   __init__ -176- INFO    - ******************************************************************************************************** 



2025-02-11T17:21:10.462222-0700 - __main__-   __init__ -178- INFO    -  This is version 0.4
2025-02-11T17:21:10.462312-0700 - __main__-   __init__ -179- INFO    - 


***************************************************************************************************** 

2025-02-11T17:21:11.773991-0700 - __main__-   ConnectDataBase -200- INFO    - connection succsessful
2025-02-11T17:21:11.774438-0700 - __main__-   ConnectDataBase -204- INFO    -  database connection name qt_sql_default_connection
2025-02-11T17:21:16.035325-0700 - __main__-   getSelectedRecipe -583- INFO    - You have selected almond_pear_tart recipe
2025-02-11T17:21:19.339473-0700 - __main__-   save_recipe -527- INFO    - ingredients [['210', 'g', 'flour_unbleached'], ['237', 'g', 'sugar'], ['150', 'g', 'butter'], ['272', 'g', 'water'], ['635', 'g', 'pear'], ['110', 'g', 'egg'], ['100', 'g', 'almond']] 
2025-02-11T17:21:19.339827-0700 - __main__-   create_pandas_frame -470- INFO    -  name almond_pear_tart and record [['210', 'g', 'flour_unbleached'], ['237', 'g', 'sugar'], ['150', 'g', 'butter'], ['272', 'g', 'water'], ['635', 'g', 'pear'], ['110', 'g', 'egg'], ['100', 'g', 'almond']] for recipes
2025-02-11T17:21:19.341357-0700 - __main__-   do_sql -602- INFO    - query in do_sql SELECT energy,protein,carbohydrate,fat FROM ingredients where name ILIKE 'flour_unbleached';
2025-02-11T17:21:19.345094-0700 - __main__-   do_sql -602- INFO    - query in do_sql UPDATE recipes SET ingredients = '210 g flour_unbleached 237 g sugar 150 g butter 272 g water 635 g pear 110 g egg 100 g almond' WHERE name = 'almond_pear_tart';
2025-02-12T07:55:17.044167-0700 - __main__-   __init__ -176- INFO    - ******************************************************************************************************** 



2025-02-12T07:55:17.045038-0700 - __main__-   __init__ -178- INFO    -  This is version 0.4
2025-02-12T07:55:17.045207-0700 - __main__-   __init__ -179- INFO    - 


***************************************************************************************************** 

2025-02-12T07:55:18.108502-0700 - __main__-   ConnectDataBase -207- ERROR    - connection failed, exciting
2025-02-12T07:55:52.004170-0700 - __main__-   __init__ -176- INFO    - ******************************************************************************************************** 



2025-02-12T07:55:52.004790-0700 - __main__-   __init__ -178- INFO    -  This is version 0.4
2025-02-12T07:55:52.004925-0700 - __main__-   __init__ -179- INFO    - 


***************************************************************************************************** 

2025-02-12T07:55:53.030504-0700 - __main__-   ConnectDataBase -207- ERROR    - connection failed, exciting
2025-02-12T07:56:57.248185-0700 - __main__-   __init__ -176- INFO    - ******************************************************************************************************** 



2025-02-12T07:56:57.249037-0700 - __main__-   __init__ -178- INFO    -  This is version 0.4
2025-02-12T07:56:57.249239-0700 - __main__-   __init__ -179- INFO    - 


***************************************************************************************************** 

2025-02-12T09:04:48.830450-0700 - __main__-   __init__ -176- INFO    - ******************************************************************************************************** 



2025-02-12T09:04:48.830887-0700 - __main__-   __init__ -178- INFO    -  This is version 0.4
2025-02-12T09:04:48.831003-0700 - __main__-   __init__ -179- INFO    - 


***************************************************************************************************** 

2025-02-12T09:04:49.285369-0700 - __main__-   ConnectDataBase -200- INFO    - connection succsessful
2025-02-12T09:04:49.285887-0700 - __main__-   ConnectDataBase -204- INFO    -  database connection name qt_sql_default_connection
2025-02-12T09:04:54.061974-0700 - __main__-   getSelectedRecipe -581- INFO    - You have selected beet_potato recipe
2025-02-12T09:04:57.234487-0700 - __main__-   save_recipe -525- INFO    - ingredients [['601', 'g', 'beet'], ['605', 'g', 'potato'], ['362', 'g', 'beef'], ['150', 'g', 'bacon'], ['68', 'g', 'dried_tomato'], ['21', 'g', 'butter'], ['300', 'g', 'bouillon']] 
2025-02-12T09:04:57.234879-0700 - __main__-   create_pandas_frame -470- INFO    -  name beet_potato and record [['601', 'g', 'beet'], ['605', 'g', 'potato'], ['362', 'g', 'beef'], ['150', 'g', 'bacon'], ['68', 'g', 'dried_tomato'], ['21', 'g', 'butter'], ['300', 'g', 'bouillon']] for recipes
2025-02-12T09:04:57.240062-0700 - __main__-   do_sql -600- INFO    - query in do_sql SELECT energy,protein,carbohydrate,fat FROM ingredients where name ILIKE 'beet';
2025-02-12T09:05:48.024656-0700 - __main__-   __init__ -176- INFO    - ******************************************************************************************************** 



2025-02-12T09:05:48.024948-0700 - __main__-   __init__ -178- INFO    -  This is version 0.4
2025-02-12T09:05:48.025033-0700 - __main__-   __init__ -179- INFO    - 


***************************************************************************************************** 

2025-02-12T09:05:48.077384-0700 - __main__-   ConnectDataBase -200- INFO    - connection succsessful
2025-02-12T09:05:48.077710-0700 - __main__-   ConnectDataBase -204- INFO    -  database connection name qt_sql_default_connection
2025-02-12T09:05:51.510571-0700 - __main__-   getSelectedRecipe -581- INFO    - You have selected bean_soup recipe
2025-02-12T09:05:52.929631-0700 - __main__-   save_recipe -525- INFO    - ingredients [['256', 'g', 'onion'], ['407', 'g', 'leek'], ['230', 'g', 'lima_beans'], ['1300', 'g', 'bouillon'], ['900', 'g', 'sausage_320']] 
2025-02-12T09:05:52.930010-0700 - __main__-   create_pandas_frame -470- INFO    -  name bean_soup and record [['256', 'g', 'onion'], ['407', 'g', 'leek'], ['230', 'g', 'lima_beans'], ['1300', 'g', 'bouillon'], ['900', 'g', 'sausage_320']] for recipes
2025-02-12T09:05:52.931585-0700 - __main__-   do_sql -600- INFO    - query in do_sql SELECT energy,protein,carbohydrate,fat FROM ingredients where name ILIKE 'onion';
2025-02-12T09:12:28.515825-0700 - __main__-   __init__ -176- INFO    - ******************************************************************************************************** 



2025-02-12T09:12:28.516574-0700 - __main__-   __init__ -178- INFO    -  This is version 0.4
2025-02-12T09:12:28.516787-0700 - __main__-   __init__ -179- INFO    - 


***************************************************************************************************** 

2025-02-12T09:13:20.582277-0700 - __main__-   __init__ -176- INFO    - ******************************************************************************************************** 



2025-02-12T09:13:20.583054-0700 - __main__-   __init__ -178- INFO    -  This is version 0.4
2025-02-12T09:13:20.583140-0700 - __main__-   __init__ -179- INFO    - 


***************************************************************************************************** 

2025-02-12T09:13:20.667479-0700 - __main__-   ConnectDataBase -200- INFO    - connection succsessful
2025-02-12T09:13:20.667819-0700 - __main__-   ConnectDataBase -204- INFO    -  database connection name qt_sql_default_connection
2025-02-12T09:13:26.693584-0700 - __main__-   getSelectedRecipe -581- INFO    - You have selected bean_soup recipe
2025-02-12T09:13:28.483950-0700 - __main__-   save_recipe -525- INFO    - ingredients [['256', 'g', 'onion'], ['407', 'g', 'leek'], ['230', 'g', 'lima_beans'], ['1300', 'g', 'bouillon'], ['900', 'g', 'sausage_320']] 
2025-02-12T09:13:28.484718-0700 - __main__-   create_pandas_frame -470- INFO    -  name bean_soup and record [['256', 'g', 'onion'], ['407', 'g', 'leek'], ['230', 'g', 'lima_beans'], ['1300', 'g', 'bouillon'], ['900', 'g', 'sausage_320']] for recipes
2025-02-12T09:13:28.487123-0700 - __main__-   do_sql -600- INFO    - query in do_sql SELECT energy,protein,carbohydrate,fat FROM ingredients where name ILIKE 'onion';
2025-02-12T09:16:29.203416-0700 - __main__-   __init__ -176- INFO    - ******************************************************************************************************** 



2025-02-12T09:16:29.203758-0700 - __main__-   __init__ -178- INFO    -  This is version 0.4
2025-02-12T09:16:29.203841-0700 - __main__-   __init__ -179- INFO    - 


***************************************************************************************************** 

2025-02-12T09:16:29.255742-0700 - __main__-   ConnectDataBase -200- INFO    - connection succsessful
2025-02-12T09:16:29.256059-0700 - __main__-   ConnectDataBase -204- INFO    -  database connection name qt_sql_default_connection
2025-02-12T09:16:35.502758-0700 - __main__-   getSelectedRecipe -581- INFO    - You have selected basil_tenderloin recipe
2025-02-12T09:16:36.840596-0700 - __main__-   save_recipe -525- INFO    - ingredients [['30', 'g', 'almonds'], ['60', 'g', 'dry_tomatoes'], ['516', 'g', 'tenderloin']] 
2025-02-12T09:16:36.840993-0700 - __main__-   create_pandas_frame -470- INFO    -  name basil_tenderloin and record [['30', 'g', 'almonds'], ['60', 'g', 'dry_tomatoes'], ['516', 'g', 'tenderloin']] for recipes
2025-02-12T09:16:36.842721-0700 - __main__-   do_sql -600- INFO    - query in do_sql SELECT energy,protein,carbohydrate,fat FROM ingredients where name ILIKE 'almonds';
2025-02-12T09:16:36.849767-0700 - __main__-   do_sql -600- INFO    - query in do_sql UPDATE recipes SET ingredients = '30 g almonds 60 g dry_tomatoes 516 g tenderloin' WHERE name = 'basil_tenderloin';
2025-02-12T09:18:07.372787-0700 - __main__-   __init__ -176- INFO    - ******************************************************************************************************** 



2025-02-12T09:18:07.373370-0700 - __main__-   __init__ -178- INFO    -  This is version 0.4
2025-02-12T09:18:07.373561-0700 - __main__-   __init__ -179- INFO    - 


***************************************************************************************************** 

2025-02-12T09:18:07.452757-0700 - __main__-   ConnectDataBase -200- INFO    - connection succsessful
2025-02-12T09:18:07.453075-0700 - __main__-   ConnectDataBase -204- INFO    -  database connection name qt_sql_default_connection
2025-02-12T09:18:16.664428-0700 - __main__-   getSelectedRecipe -583- INFO    - You have selected bean_soup recipe
2025-02-12T09:18:26.601941-0700 - __main__-   save_recipe -527- INFO    - ingredients [['256', 'g', 'onion'], ['407', 'g', 'leek'], ['230', 'g', 'lima_bean'], ['1300', 'g', 'bouillon'], ['900', 'g', 'sausage_320']] 
2025-02-12T09:18:26.603850-0700 - __main__-   create_pandas_frame -470- INFO    -  name bean_soup and record [['256', 'g', 'onion'], ['407', 'g', 'leek'], ['230', 'g', 'lima_bean'], ['1300', 'g', 'bouillon'], ['900', 'g', 'sausage_320']] for recipes
2025-02-12T09:18:26.606184-0700 - __main__-   do_sql -602- INFO    - query in do_sql SELECT energy,protein,carbohydrate,fat FROM ingredients where name ILIKE 'onion';
2025-02-12T09:18:26.610572-0700 - __main__-   do_sql -602- INFO    - query in do_sql UPDATE recipes SET ingredients = '256 g onion 407 g leek 230 g lima_bean 1300 g bouillon 900 g sausage_320' WHERE name = 'bean_soup';
2025-02-12T09:25:59.201741-0700 - __main__-   __init__ -176- INFO    - ******************************************************************************************************** 



2025-02-12T09:25:59.202778-0700 - __main__-   __init__ -178- INFO    -  This is version 0.4
2025-02-12T09:25:59.202936-0700 - __main__-   __init__ -179- INFO    - 


***************************************************************************************************** 

2025-02-12T09:26:05.995892-0700 - __main__-   ConnectDataBase -200- INFO    - connection succsessful
2025-02-12T09:26:05.996730-0700 - __main__-   ConnectDataBase -204- INFO    -  database connection name qt_sql_default_connection
2025-02-12T09:26:10.334742-0700 - __main__-   getSelectedRecipe -587- INFO    - You have selected beet_cheese_gratin recipe
2025-02-12T09:26:12.788090-0700 - __main__-   save_recipe -531- INFO    - ingredients [['415', 'g', 'beets'], ['158', 'g', 'ham'], ['160', 'g', 'raclette'], ['55', 'g', 'eggs'], ['100', 'g', 'milk'], ['40', 'g', 'cr_bread']] 
2025-02-12T09:26:12.788870-0700 - __main__-   create_pandas_frame -470- INFO    -  name beet_cheese_gratin and record [['415', 'g', 'beets'], ['158', 'g', 'ham'], ['160', 'g', 'raclette'], ['55', 'g', 'eggs'], ['100', 'g', 'milk'], ['40', 'g', 'cr_bread']] for recipes
2025-02-12T09:30:07.887807-0700 - __main__-   __init__ -176- INFO    - ******************************************************************************************************** 



2025-02-12T09:30:07.888323-0700 - __main__-   __init__ -178- INFO    -  This is version 0.4
2025-02-12T09:30:07.888418-0700 - __main__-   __init__ -179- INFO    - 


***************************************************************************************************** 

2025-02-12T09:30:07.963730-0700 - __main__-   ConnectDataBase -200- INFO    - connection succsessful
2025-02-12T09:30:07.964022-0700 - __main__-   ConnectDataBase -204- INFO    -  database connection name qt_sql_default_connection
2025-02-12T09:30:11.922911-0700 - __main__-   getSelectedRecipe -587- INFO    - You have selected alibaba_rice recipe
2025-02-12T09:30:14.801489-0700 - __main__-   save_recipe -531- INFO    - ingredients [['200', 'g', 'wild_rice'], ['100', 'g', 'chickpea_dry'], ['400', 'g', 'bouillon'], ['291', 'g', 'eggplant'], ['199', 'g', 'bellpepper'], ['201', 'g', 'feta']] 
2025-02-12T09:30:14.802133-0700 - __main__-   create_pandas_frame -470- INFO    -  name alibaba_rice and record [['200', 'g', 'wild_rice'], ['100', 'g', 'chickpea_dry'], ['400', 'g', 'bouillon'], ['291', 'g', 'eggplant'], ['199', 'g', 'bellpepper'], ['201', 'g', 'feta']] for recipes
2025-02-12T09:30:14.804633-0700 - __main__-   do_sql -606- INFO    - query in do_sql SELECT energy,protein,carbohydrate,fat FROM ingredients where name ILIKE 'wild_rice';
2025-02-12T09:32:00.427672-0700 - __main__-   __init__ -176- INFO    - ******************************************************************************************************** 



2025-02-12T09:32:00.428051-0700 - __main__-   __init__ -178- INFO    -  This is version 0.4
2025-02-12T09:32:00.428144-0700 - __main__-   __init__ -179- INFO    - 


***************************************************************************************************** 

2025-02-12T09:32:00.481318-0700 - __main__-   ConnectDataBase -200- INFO    - connection succsessful
2025-02-12T09:32:00.481660-0700 - __main__-   ConnectDataBase -204- INFO    -  database connection name qt_sql_default_connection
2025-02-12T09:32:07.789017-0700 - __main__-   getSelectedRecipe -587- INFO    - You have selected bean_soup recipe
2025-02-12T09:32:10.939051-0700 - __main__-   save_recipe -531- INFO    - ingredients [['256', 'g', 'onion'], ['407', 'g', 'leek'], ['230', 'g', 'lima_bean'], ['1300', 'g', 'bouillon'], ['900', 'g', 'sausage_320']] 
2025-02-12T09:32:10.939674-0700 - __main__-   create_pandas_frame -470- INFO    -  name bean_soup and record [['256', 'g', 'onion'], ['407', 'g', 'leek'], ['230', 'g', 'lima_bean'], ['1300', 'g', 'bouillon'], ['900', 'g', 'sausage_320']] for recipes
2025-02-12T09:32:10.942214-0700 - __main__-   do_sql -606- INFO    - query in do_sql SELECT energy,protein,carbohydrate,fat FROM ingredients where name ILIKE 'onion';
2025-02-12T09:32:32.519087-0700 - __main__-   __init__ -176- INFO    - ******************************************************************************************************** 



2025-02-12T09:32:32.519435-0700 - __main__-   __init__ -178- INFO    -  This is version 0.4
2025-02-12T09:32:32.519530-0700 - __main__-   __init__ -179- INFO    - 


***************************************************************************************************** 

2025-02-12T09:32:32.571874-0700 - __main__-   ConnectDataBase -200- INFO    - connection succsessful
2025-02-12T09:32:32.572175-0700 - __main__-   ConnectDataBase -204- INFO    -  database connection name qt_sql_default_connection
2025-02-12T09:32:36.538663-0700 - __main__-   getSelectedRecipe -587- INFO    - You have selected avocado_mousse recipe
2025-02-12T09:32:38.931327-0700 - __main__-   save_recipe -531- INFO    - ingredients [['280', 'g', 'avocado'], ['130', 'g', 'mascarpone']] 
2025-02-12T09:32:38.932634-0700 - __main__-   create_pandas_frame -470- INFO    -  name avocado_mousse and record [['280', 'g', 'avocado'], ['130', 'g', 'mascarpone']] for recipes
2025-02-12T09:32:38.934180-0700 - __main__-   do_sql -606- INFO    - query in do_sql SELECT energy,protein,carbohydrate,fat FROM ingredients where name ILIKE 'avocado';
2025-02-12T09:32:38.935991-0700 - __main__-   do_sql -606- INFO    - query in do_sql UPDATE recipes SET ingredients = '280 g avocado 130 g mascarpone' WHERE name = 'avocado_mousse';
2025-02-12T09:38:55.316377-0700 - __main__-   __init__ -176- INFO    - ******************************************************************************************************** 



2025-02-12T09:38:55.316653-0700 - __main__-   __init__ -178- INFO    -  This is version 0.4
2025-02-12T09:38:55.316737-0700 - __main__-   __init__ -179- INFO    - 


***************************************************************************************************** 

2025-02-12T09:38:55.369714-0700 - __main__-   ConnectDataBase -200- INFO    - connection succsessful
2025-02-12T09:38:55.370035-0700 - __main__-   ConnectDataBase -204- INFO    -  database connection name qt_sql_default_connection
2025-02-12T09:38:58.889313-0700 - __main__-   getSelectedRecipe -593- INFO    - You have selected alibaba_rice recipe
2025-02-12T09:39:02.707770-0700 - __main__-   save_recipe -537- INFO    - ingredients [['200', 'g', 'wild_rice'], ['100', 'g', 'chickpea_dry'], ['400', 'g', 'bouillon'], ['291', 'g', 'eggplant'], ['199', 'g', 'bellpepper'], ['201', 'g', 'feta']] 
2025-02-12T09:39:02.708364-0700 - __main__-   create_pandas_frame -470- INFO    -  name alibaba_rice and record [['200', 'g', 'wild_rice'], ['100', 'g', 'chickpea_dry'], ['400', 'g', 'bouillon'], ['291', 'g', 'eggplant'], ['199', 'g', 'bellpepper'], ['201', 'g', 'feta']] for recipes
2025-02-12T09:39:02.709745-0700 - __main__-   do_sql -612- INFO    - query in do_sql SELECT energy,protein,carbohydrate,fat FROM ingredients where name ILIKE 'wild_rice';
2025-02-12T09:39:02.711363-0700 - __main__-   do_sql -612- INFO    - query in do_sql SELECT energy,protein,carbohydrate,fat FROM ingredients where name ILIKE 'wild_rice';
2025-02-12T09:39:02.712541-0700 - __main__-   do_sql -612- INFO    - query in do_sql SELECT energy,protein,carbohydrate,fat FROM ingredients where name ILIKE 'wild_rice';
2025-02-12T09:39:02.714553-0700 - __main__-   do_sql -612- INFO    - query in do_sql SELECT energy,protein,carbohydrate,fat FROM ingredients where name ILIKE 'wild_rice';
2025-02-12T09:39:02.715241-0700 - __main__-   do_sql -612- INFO    - query in do_sql SELECT energy,protein,carbohydrate,fat FROM ingredients where name ILIKE 'wild_rice';
2025-02-12T09:39:02.715888-0700 - __main__-   do_sql -612- INFO    - query in do_sql SELECT energy,protein,carbohydrate,fat FROM ingredients where name ILIKE 'wild_rice';
2025-02-12T09:40:01.636718-0700 - __main__-   __init__ -176- INFO    - ******************************************************************************************************** 



2025-02-12T09:40:01.637129-0700 - __main__-   __init__ -178- INFO    -  This is version 0.4
2025-02-12T09:40:01.637295-0700 - __main__-   __init__ -179- INFO    - 


***************************************************************************************************** 

2025-02-12T09:40:01.690149-0700 - __main__-   ConnectDataBase -200- INFO    - connection succsessful
2025-02-12T09:40:01.690462-0700 - __main__-   ConnectDataBase -204- INFO    -  database connection name qt_sql_default_connection
2025-02-12T09:40:05.172469-0700 - __main__-   getSelectedRecipe -593- INFO    - You have selected almond_pear_tart recipe
2025-02-12T09:40:09.197410-0700 - __main__-   save_recipe -537- INFO    - ingredients [['210', 'g', 'flour_unbleached'], ['237', 'g', 'sugar'], ['150', 'g', 'butter'], ['272', 'g', 'water'], ['635', 'g', 'pear'], ['110', 'g', 'egg'], ['100', 'g', 'almond']] 
2025-02-12T09:40:09.198097-0700 - __main__-   create_pandas_frame -470- INFO    -  name almond_pear_tart and record [['210', 'g', 'flour_unbleached'], ['237', 'g', 'sugar'], ['150', 'g', 'butter'], ['272', 'g', 'water'], ['635', 'g', 'pear'], ['110', 'g', 'egg'], ['100', 'g', 'almond']] for recipes
2025-02-12T09:40:09.200645-0700 - __main__-   do_sql -612- INFO    - query in do_sql SELECT energy,protein,carbohydrate,fat FROM ingredients where name ILIKE 'flour_unbleached';
2025-02-12T09:40:09.202532-0700 - __main__-   do_sql -612- INFO    - query in do_sql SELECT energy,protein,carbohydrate,fat FROM ingredients where name ILIKE 'flour_unbleached';
2025-02-12T09:40:09.203318-0700 - __main__-   do_sql -612- INFO    - query in do_sql SELECT energy,protein,carbohydrate,fat FROM ingredients where name ILIKE 'flour_unbleached';
2025-02-12T09:40:09.204306-0700 - __main__-   do_sql -612- INFO    - query in do_sql SELECT energy,protein,carbohydrate,fat FROM ingredients where name ILIKE 'flour_unbleached';
2025-02-12T09:40:09.206138-0700 - __main__-   do_sql -612- INFO    - query in do_sql SELECT energy,protein,carbohydrate,fat FROM ingredients where name ILIKE 'flour_unbleached';
2025-02-12T09:40:09.207243-0700 - __main__-   do_sql -612- INFO    - query in do_sql SELECT energy,protein,carbohydrate,fat FROM ingredients where name ILIKE 'flour_unbleached';
2025-02-12T09:40:09.208153-0700 - __main__-   do_sql -612- INFO    - query in do_sql SELECT energy,protein,carbohydrate,fat FROM ingredients where name ILIKE 'flour_unbleached';
2025-02-12T09:40:09.210391-0700 - __main__-   do_sql -612- INFO    - query in do_sql UPDATE recipes SET ingredients = '210 g flour_unbleached 237 g sugar 150 g butter 272 g water 635 g pear 110 g egg 100 g almond' WHERE name = 'almond_pear_tart';
2025-02-12T09:40:41.959172-0700 - __main__-   __init__ -176- INFO    - ******************************************************************************************************** 



2025-02-12T09:40:41.959462-0700 - __main__-   __init__ -178- INFO    -  This is version 0.4
2025-02-12T09:40:41.959578-0700 - __main__-   __init__ -179- INFO    - 


***************************************************************************************************** 

2025-02-12T09:40:42.011864-0700 - __main__-   ConnectDataBase -200- INFO    - connection succsessful
2025-02-12T09:40:42.012213-0700 - __main__-   ConnectDataBase -204- INFO    -  database connection name qt_sql_default_connection
2025-02-12T09:40:48.399613-0700 - __main__-   getSelectedRecipe -593- INFO    - You have selected barley_soup recipe
2025-02-12T09:45:14.289238-0700 - __main__-   save_recipe -537- INFO    - ingredients [['0', 'g', 'onion'], ['0', 'g', 'pork_stew'], ['0', 'g', 'bacon'], ['548', 'g', 'sausage_281'], ['273', 'g', 'carrot'], ['0', 'g', 'celery'], ['300', 'g', 'lima'], ['250', 'g', 'barley_dry'], ['584', 'g', 'potato'], ['282 ', 'g', 'leek']] 
2025-02-12T09:45:14.291272-0700 - __main__-   create_pandas_frame -470- INFO    -  name barley_soup and record [['0', 'g', 'onion'], ['0', 'g', 'pork_stew'], ['0', 'g', 'bacon'], ['548', 'g', 'sausage_281'], ['273', 'g', 'carrot'], ['0', 'g', 'celery'], ['300', 'g', 'lima'], ['250', 'g', 'barley_dry'], ['584', 'g', 'potato'], ['282 ', 'g', 'leek']] for recipes
2025-02-12T09:45:14.294630-0700 - __main__-   do_sql -612- INFO    - query in do_sql SELECT energy,protein,carbohydrate,fat FROM ingredients where name ILIKE 'onion';
2025-02-12T09:45:14.297380-0700 - __main__-   do_sql -612- INFO    - query in do_sql SELECT energy,protein,carbohydrate,fat FROM ingredients where name ILIKE 'pork_stew';
2025-02-12T09:45:14.298504-0700 - __main__-   do_sql -612- INFO    - query in do_sql SELECT energy,protein,carbohydrate,fat FROM ingredients where name ILIKE 'bacon';
2025-02-12T09:45:14.299442-0700 - __main__-   do_sql -612- INFO    - query in do_sql SELECT energy,protein,carbohydrate,fat FROM ingredients where name ILIKE 'sausage_281';
2025-02-12T09:45:14.300123-0700 - __main__-   do_sql -612- INFO    - query in do_sql SELECT energy,protein,carbohydrate,fat FROM ingredients where name ILIKE 'carrot';
2025-02-12T09:45:14.300850-0700 - __main__-   do_sql -612- INFO    - query in do_sql SELECT energy,protein,carbohydrate,fat FROM ingredients where name ILIKE 'celery';
2025-02-12T09:45:14.301731-0700 - __main__-   do_sql -612- INFO    - query in do_sql SELECT energy,protein,carbohydrate,fat FROM ingredients where name ILIKE 'lima';
2025-02-12T09:45:26.133909-0700 - __main__-   save_recipe -537- INFO    - ingredients [['0', 'g', 'onion'], ['0', 'g', 'pork_stew'], ['0', 'g', 'bacon'], ['548', 'g', 'sausage_281'], ['273', 'g', 'carrot'], ['0', 'g', 'celery'], ['300', 'g', 'lima'], ['250', 'g', 'barley_dry'], ['584', 'g', 'potato'], ['282 ', 'g', 'leek']] 
2025-02-12T09:45:26.134662-0700 - __main__-   create_pandas_frame -470- INFO    -  name barley_soup and record [['0', 'g', 'onion'], ['0', 'g', 'pork_stew'], ['0', 'g', 'bacon'], ['548', 'g', 'sausage_281'], ['273', 'g', 'carrot'], ['0', 'g', 'celery'], ['300', 'g', 'lima'], ['250', 'g', 'barley_dry'], ['584', 'g', 'potato'], ['282 ', 'g', 'leek']] for recipes
2025-02-12T09:45:26.136637-0700 - __main__-   do_sql -612- INFO    - query in do_sql SELECT energy,protein,carbohydrate,fat FROM ingredients where name ILIKE 'onion';
2025-02-12T09:45:26.138159-0700 - __main__-   do_sql -612- INFO    - query in do_sql SELECT energy,protein,carbohydrate,fat FROM ingredients where name ILIKE 'pork_stew';
2025-02-12T09:45:26.138984-0700 - __main__-   do_sql -612- INFO    - query in do_sql SELECT energy,protein,carbohydrate,fat FROM ingredients where name ILIKE 'bacon';
2025-02-12T09:45:26.139746-0700 - __main__-   do_sql -612- INFO    - query in do_sql SELECT energy,protein,carbohydrate,fat FROM ingredients where name ILIKE 'sausage_281';
2025-02-12T09:45:26.140866-0700 - __main__-   do_sql -612- INFO    - query in do_sql SELECT energy,protein,carbohydrate,fat FROM ingredients where name ILIKE 'carrot';
2025-02-12T09:45:26.142012-0700 - __main__-   do_sql -612- INFO    - query in do_sql SELECT energy,protein,carbohydrate,fat FROM ingredients where name ILIKE 'celery';
2025-02-12T09:45:26.142864-0700 - __main__-   do_sql -612- INFO    - query in do_sql SELECT energy,protein,carbohydrate,fat FROM ingredients where name ILIKE 'lima';
2025-02-12T09:45:31.462088-0700 - __main__-   save_recipe -537- INFO    - ingredients [['0', 'g', 'onion'], ['0', 'g', 'pork_stew'], ['0', 'g', 'bacon'], ['548', 'g', 'sausage_281'], ['273', 'g', 'carrot'], ['0', 'g', 'celery'], ['300', 'g', 'lima'], ['250', 'g', 'barley_dry'], ['584', 'g', 'potato'], ['282 ', 'g', 'leek']] 
2025-02-12T09:45:31.462399-0700 - __main__-   create_pandas_frame -470- INFO    -  name barley_soup and record [['0', 'g', 'onion'], ['0', 'g', 'pork_stew'], ['0', 'g', 'bacon'], ['548', 'g', 'sausage_281'], ['273', 'g', 'carrot'], ['0', 'g', 'celery'], ['300', 'g', 'lima'], ['250', 'g', 'barley_dry'], ['584', 'g', 'potato'], ['282 ', 'g', 'leek']] for recipes
2025-02-12T09:45:31.463198-0700 - __main__-   do_sql -612- INFO    - query in do_sql SELECT energy,protein,carbohydrate,fat FROM ingredients where name ILIKE 'onion';
2025-02-12T09:45:31.463983-0700 - __main__-   do_sql -612- INFO    - query in do_sql SELECT energy,protein,carbohydrate,fat FROM ingredients where name ILIKE 'pork_stew';
2025-02-12T09:45:31.464729-0700 - __main__-   do_sql -612- INFO    - query in do_sql SELECT energy,protein,carbohydrate,fat FROM ingredients where name ILIKE 'bacon';
2025-02-12T09:45:31.465396-0700 - __main__-   do_sql -612- INFO    - query in do_sql SELECT energy,protein,carbohydrate,fat FROM ingredients where name ILIKE 'sausage_281';
2025-02-12T09:45:31.466415-0700 - __main__-   do_sql -612- INFO    - query in do_sql SELECT energy,protein,carbohydrate,fat FROM ingredients where name ILIKE 'carrot';
2025-02-12T09:45:31.467187-0700 - __main__-   do_sql -612- INFO    - query in do_sql SELECT energy,protein,carbohydrate,fat FROM ingredients where name ILIKE 'celery';
2025-02-12T09:45:31.467974-0700 - __main__-   do_sql -612- INFO    - query in do_sql SELECT energy,protein,carbohydrate,fat FROM ingredients where name ILIKE 'lima';
2025-02-12T09:46:15.001559-0700 - __main__-   __init__ -176- INFO    - ******************************************************************************************************** 



2025-02-12T09:46:15.001883-0700 - __main__-   __init__ -178- INFO    -  This is version 0.4
2025-02-12T09:46:15.001969-0700 - __main__-   __init__ -179- INFO    - 


***************************************************************************************************** 

2025-02-12T09:46:15.058095-0700 - __main__-   ConnectDataBase -200- INFO    - connection succsessful
2025-02-12T09:46:15.058363-0700 - __main__-   ConnectDataBase -204- INFO    -  database connection name qt_sql_default_connection
2025-02-12T09:46:23.712393-0700 - __main__-   getSelectedRecipe -593- INFO    - You have selected barley_soup recipe
2025-02-12T09:46:29.162681-0700 - __main__-   getSelectedRecipe -593- INFO    - You have selected avocado_mousse recipe
2025-02-12T09:46:31.932697-0700 - __main__-   save_recipe -537- INFO    - ingredients [['280', 'g', 'avocado'], ['130', 'g', 'mascarpone']] 
2025-02-12T09:46:31.933235-0700 - __main__-   create_pandas_frame -470- INFO    -  name avocado_mousse and record [['280', 'g', 'avocado'], ['130', 'g', 'mascarpone']] for recipes
2025-02-12T09:46:31.935523-0700 - __main__-   do_sql -612- INFO    - query in do_sql SELECT energy,protein,carbohydrate,fat FROM ingredients where name ILIKE 'avocado';
2025-02-12T09:46:31.937551-0700 - __main__-   do_sql -612- INFO    - query in do_sql SELECT energy,protein,carbohydrate,fat FROM ingredients where name ILIKE 'mascarpone';
2025-02-12T09:46:31.939997-0700 - __main__-   do_sql -612- INFO    - query in do_sql UPDATE recipes SET ingredients = '280 g avocado 130 g mascarpone' WHERE name = 'avocado_mousse';
2025-02-12T09:47:49.170413-0700 - __main__-   __init__ -176- INFO    - ******************************************************************************************************** 



2025-02-12T09:47:49.170890-0700 - __main__-   __init__ -178- INFO    -  This is version 0.4
2025-02-12T09:47:49.171083-0700 - __main__-   __init__ -179- INFO    - 


***************************************************************************************************** 

2025-02-12T09:47:49.246490-0700 - __main__-   ConnectDataBase -200- INFO    - connection succsessful
2025-02-12T09:47:49.246829-0700 - __main__-   ConnectDataBase -204- INFO    -  database connection name qt_sql_default_connection
2025-02-12T09:47:53.719128-0700 - __main__-   getSelectedRecipe -593- INFO    - You have selected barley_soup recipe
2025-02-12T09:47:56.911980-0700 - __main__-   save_recipe -537- INFO    - ingredients [['0', 'g', 'onion'], ['0', 'g', 'pork_stew'], ['0', 'g', 'bacon'], ['548', 'g', 'sausage_281'], ['273', 'g', 'carrots'], ['282', 'g', 'leek'], ['0', 'g', 'celery'], ['300', 'g', 'lima'], ['250', 'g', 'barley_dry'], ['584', 'g', 'potato']] 
2025-02-12T09:47:56.912580-0700 - __main__-   create_pandas_frame -470- INFO    -  name barley_soup and record [['0', 'g', 'onion'], ['0', 'g', 'pork_stew'], ['0', 'g', 'bacon'], ['548', 'g', 'sausage_281'], ['273', 'g', 'carrots'], ['282', 'g', 'leek'], ['0', 'g', 'celery'], ['300', 'g', 'lima'], ['250', 'g', 'barley_dry'], ['584', 'g', 'potato']] for recipes
2025-02-12T09:47:56.914857-0700 - __main__-   do_sql -612- INFO    - query in do_sql SELECT energy,protein,carbohydrate,fat FROM ingredients where name ILIKE 'onion';
2025-02-12T09:47:56.922800-0700 - __main__-   do_sql -612- INFO    - query in do_sql SELECT energy,protein,carbohydrate,fat FROM ingredients where name ILIKE 'pork_stew';
2025-02-12T09:47:56.924348-0700 - __main__-   do_sql -612- INFO    - query in do_sql SELECT energy,protein,carbohydrate,fat FROM ingredients where name ILIKE 'bacon';
2025-02-12T09:47:56.925902-0700 - __main__-   do_sql -612- INFO    - query in do_sql SELECT energy,protein,carbohydrate,fat FROM ingredients where name ILIKE 'sausage_281';
2025-02-12T09:47:56.927337-0700 - __main__-   do_sql -612- INFO    - query in do_sql SELECT energy,protein,carbohydrate,fat FROM ingredients where name ILIKE 'carrots';
2025-02-12T09:48:59.807601-0700 - __main__-   __init__ -176- INFO    - ******************************************************************************************************** 



2025-02-12T09:48:59.807891-0700 - __main__-   __init__ -178- INFO    -  This is version 0.4
2025-02-12T09:48:59.807974-0700 - __main__-   __init__ -179- INFO    - 


***************************************************************************************************** 

2025-02-12T09:48:59.861757-0700 - __main__-   ConnectDataBase -200- INFO    - connection succsessful
2025-02-12T09:48:59.862122-0700 - __main__-   ConnectDataBase -204- INFO    -  database connection name qt_sql_default_connection
2025-02-12T09:49:04.129227-0700 - __main__-   getSelectedRecipe -593- INFO    - You have selected barley_soup recipe
2025-02-12T09:49:09.942514-0700 - __main__-   save_recipe -537- INFO    - ingredients [['0', 'g', 'onion'], ['0', 'g', 'pork_stew'], ['0', 'g', 'bacon'], ['548', 'g', 'sausage_281'], ['273', 'g', 'carrots'], ['282', 'g', 'leek'], ['0', 'g', 'celery'], ['300', 'g', 'lima'], ['250', 'g', 'barley_dry'], ['584', 'g', 'potato']] 
2025-02-12T09:49:09.943141-0700 - __main__-   create_pandas_frame -470- INFO    -  name barley_soup and record [['0', 'g', 'onion'], ['0', 'g', 'pork_stew'], ['0', 'g', 'bacon'], ['548', 'g', 'sausage_281'], ['273', 'g', 'carrots'], ['282', 'g', 'leek'], ['0', 'g', 'celery'], ['300', 'g', 'lima'], ['250', 'g', 'barley_dry'], ['584', 'g', 'potato']] for recipes
2025-02-12T09:49:09.953079-0700 - __main__-   do_sql -612- INFO    - query in do_sql SELECT energy,protein,carbohydrate,fat FROM ingredients where name ILIKE 'onion';
2025-02-12T09:49:09.955513-0700 - __main__-   do_sql -612- INFO    - query in do_sql SELECT energy,protein,carbohydrate,fat FROM ingredients where name ILIKE 'pork_stew';
2025-02-12T09:49:09.957127-0700 - __main__-   do_sql -612- INFO    - query in do_sql SELECT energy,protein,carbohydrate,fat FROM ingredients where name ILIKE 'bacon';
2025-02-12T09:49:09.958122-0700 - __main__-   do_sql -612- INFO    - query in do_sql SELECT energy,protein,carbohydrate,fat FROM ingredients where name ILIKE 'sausage_281';
2025-02-12T09:49:09.959213-0700 - __main__-   do_sql -612- INFO    - query in do_sql SELECT energy,protein,carbohydrate,fat FROM ingredients where name ILIKE 'carrots';
2025-02-12T09:50:30.050395-0700 - __main__-   __init__ -176- INFO    - ******************************************************************************************************** 



2025-02-12T09:50:30.050730-0700 - __main__-   __init__ -178- INFO    -  This is version 0.4
2025-02-12T09:50:30.050813-0700 - __main__-   __init__ -179- INFO    - 


***************************************************************************************************** 

2025-02-12T09:50:30.103491-0700 - __main__-   ConnectDataBase -200- INFO    - connection succsessful
2025-02-12T09:50:30.103843-0700 - __main__-   ConnectDataBase -204- INFO    -  database connection name qt_sql_default_connection
2025-02-12T09:50:35.635502-0700 - __main__-   getSelectedRecipe -593- INFO    - You have selected barley_soup recipe
2025-02-12T09:50:42.406689-0700 - __main__-   save_recipe -537- INFO    - ingredients [['0', 'g', 'onion'], ['0', 'g', 'pork_stew'], ['0', 'g', 'bacon'], ['548', 'g', 'sausage_281'], ['273', 'g', 'carrots'], ['282', 'g', 'leek'], ['0', 'g', 'celery'], ['300', 'g', 'lima'], ['250', 'g', 'barley_dry'], ['584', 'g', 'potato']] 
2025-02-12T09:50:42.411249-0700 - __main__-   do_sql -612- INFO    - query in do_sql UPDATE recipes SET ingredients = '0 g onion 0 g pork_stew 0 g bacon 548 g sausage_281 273 g carrots 282 g leek 0 g celery 300 g lima 250 g barley_dry 584 g potato' WHERE name = 'barley_soup';
2025-02-12T09:50:42.411968-0700 - __main__-   create_pandas_frame -470- INFO    -  name barley_soup and record [['0', 'g', 'onion'], ['0', 'g', 'pork_stew'], ['0', 'g', 'bacon'], ['548', 'g', 'sausage_281'], ['273', 'g', 'carrots'], ['282', 'g', 'leek'], ['0', 'g', 'celery'], ['300', 'g', 'lima'], ['250', 'g', 'barley_dry'], ['584', 'g', 'potato']] for recipes
2025-02-12T09:50:42.413000-0700 - __main__-   do_sql -612- INFO    - query in do_sql SELECT energy,protein,carbohydrate,fat FROM ingredients where name ILIKE 'onion';
2025-02-12T09:50:42.414568-0700 - __main__-   do_sql -612- INFO    - query in do_sql SELECT energy,protein,carbohydrate,fat FROM ingredients where name ILIKE 'pork_stew';
2025-02-12T09:50:42.415332-0700 - __main__-   do_sql -612- INFO    - query in do_sql SELECT energy,protein,carbohydrate,fat FROM ingredients where name ILIKE 'bacon';
2025-02-12T09:50:42.416032-0700 - __main__-   do_sql -612- INFO    - query in do_sql SELECT energy,protein,carbohydrate,fat FROM ingredients where name ILIKE 'sausage_281';
2025-02-12T09:50:42.416773-0700 - __main__-   do_sql -612- INFO    - query in do_sql SELECT energy,protein,carbohydrate,fat FROM ingredients where name ILIKE 'carrots';
2025-02-12T09:56:48.223819-0700 - __main__-   __init__ -176- INFO    - ******************************************************************************************************** 



2025-02-12T09:56:48.224357-0700 - __main__-   __init__ -178- INFO    -  This is version 0.4
2025-02-12T09:56:48.224466-0700 - __main__-   __init__ -179- INFO    - 


***************************************************************************************************** 

2025-02-12T09:56:48.302947-0700 - __main__-   ConnectDataBase -200- INFO    - connection succsessful
2025-02-12T09:56:48.303241-0700 - __main__-   ConnectDataBase -204- INFO    -  database connection name qt_sql_default_connection
2025-02-12T09:56:55.420982-0700 - __main__-   getSelectedRecipe -593- INFO    - You have selected barley_soup recipe
2025-02-12T09:57:08.707235-0700 - __main__-   save_recipe -537- INFO    - ingredients [['0', 'g', 'onion'], ['0', 'g', 'pork_stew'], ['0', 'g', 'bacon'], ['538', 'g', 'sausage_281'], ['273', 'g', 'carrots'], ['282', 'g', 'leek'], ['0', 'g', 'celery'], ['300', 'g', 'lima'], ['250', 'g', 'barley_dry'], ['584', 'g', 'potato']] 
2025-02-12T09:57:08.711481-0700 - __main__-   do_sql -612- INFO    - query in do_sql UPDATE recipes SET ingredients = '0 g onion 0 g pork_stew 0 g bacon 538 g sausage_281 273 g carrots 282 g leek 0 g celery 300 g lima 250 g barley_dry 584 g potato' WHERE name = 'barley_soup';
2025-02-12T09:57:08.712285-0700 - __main__-   create_pandas_frame -470- INFO    -  name barley_soup and record [['0', 'g', 'onion'], ['0', 'g', 'pork_stew'], ['0', 'g', 'bacon'], ['538', 'g', 'sausage_281'], ['273', 'g', 'carrots'], ['282', 'g', 'leek'], ['0', 'g', 'celery'], ['300', 'g', 'lima'], ['250', 'g', 'barley_dry'], ['584', 'g', 'potato']] for recipes
2025-02-12T09:57:08.713649-0700 - __main__-   do_sql -612- INFO    - query in do_sql SELECT energy,protein,carbohydrate,fat FROM ingredients where name ILIKE 'onion';
2025-02-12T09:57:08.716313-0700 - __main__-   do_sql -612- INFO    - query in do_sql SELECT energy,protein,carbohydrate,fat FROM ingredients where name ILIKE 'pork_stew';
2025-02-12T09:57:08.717311-0700 - __main__-   do_sql -612- INFO    - query in do_sql SELECT energy,protein,carbohydrate,fat FROM ingredients where name ILIKE 'bacon';
2025-02-12T09:57:08.718199-0700 - __main__-   do_sql -612- INFO    - query in do_sql SELECT energy,protein,carbohydrate,fat FROM ingredients where name ILIKE 'sausage_281';
2025-02-12T09:57:08.719071-0700 - __main__-   do_sql -612- INFO    - query in do_sql SELECT energy,protein,carbohydrate,fat FROM ingredients where name ILIKE 'carrots';
2025-02-12T09:57:59.101047-0700 - __main__-   __init__ -176- INFO    - ******************************************************************************************************** 



2025-02-12T09:57:59.101294-0700 - __main__-   __init__ -178- INFO    -  This is version 0.4
2025-02-12T09:57:59.101375-0700 - __main__-   __init__ -179- INFO    - 


***************************************************************************************************** 

2025-02-12T09:57:59.153274-0700 - __main__-   ConnectDataBase -200- INFO    - connection succsessful
2025-02-12T09:57:59.153606-0700 - __main__-   ConnectDataBase -204- INFO    -  database connection name qt_sql_default_connection
2025-02-12T09:58:05.839925-0700 - __main__-   getSelectedRecipe -593- INFO    - You have selected barley_soup recipe
2025-02-12T09:58:15.007117-0700 - __main__-   save_recipe -537- INFO    - ingredients [['0', 'g', 'onion'], ['0', 'g', 'pork_stew'], ['0', 'g', 'bacon'], ['538', 'g', 'sausage_281'], ['273', 'g', 'carrot'], ['282', 'g', 'leek'], ['0', 'g', 'celery'], ['300', 'g', 'lima'], ['250', 'g', 'barley_dry'], ['584', 'g', 'potato']] 
2025-02-12T09:58:15.011537-0700 - __main__-   do_sql -612- INFO    - query in do_sql UPDATE recipes SET ingredients = '0 g onion 0 g pork_stew 0 g bacon 538 g sausage_281 273 g carrot 282 g leek 0 g celery 300 g lima 250 g barley_dry 584 g potato' WHERE name = 'barley_soup';
2025-02-12T09:58:15.012301-0700 - __main__-   create_pandas_frame -470- INFO    -  name barley_soup and record [['0', 'g', 'onion'], ['0', 'g', 'pork_stew'], ['0', 'g', 'bacon'], ['538', 'g', 'sausage_281'], ['273', 'g', 'carrot'], ['282', 'g', 'leek'], ['0', 'g', 'celery'], ['300', 'g', 'lima'], ['250', 'g', 'barley_dry'], ['584', 'g', 'potato']] for recipes
2025-02-12T09:58:15.013824-0700 - __main__-   do_sql -612- INFO    - query in do_sql SELECT energy,protein,carbohydrate,fat FROM ingredients where name ILIKE 'onion';
2025-02-12T09:58:15.015216-0700 - __main__-   do_sql -612- INFO    - query in do_sql SELECT energy,protein,carbohydrate,fat FROM ingredients where name ILIKE 'pork_stew';
2025-02-12T09:58:15.016125-0700 - __main__-   do_sql -612- INFO    - query in do_sql SELECT energy,protein,carbohydrate,fat FROM ingredients where name ILIKE 'bacon';
2025-02-12T09:58:15.017134-0700 - __main__-   do_sql -612- INFO    - query in do_sql SELECT energy,protein,carbohydrate,fat FROM ingredients where name ILIKE 'sausage_281';
2025-02-12T09:58:15.018715-0700 - __main__-   do_sql -612- INFO    - query in do_sql SELECT energy,protein,carbohydrate,fat FROM ingredients where name ILIKE 'carrot';
2025-02-12T09:58:15.019438-0700 - __main__-   do_sql -612- INFO    - query in do_sql SELECT energy,protein,carbohydrate,fat FROM ingredients where name ILIKE 'leek';
2025-02-12T09:58:15.020096-0700 - __main__-   do_sql -612- INFO    - query in do_sql SELECT energy,protein,carbohydrate,fat FROM ingredients where name ILIKE 'celery';
2025-02-12T09:58:15.020951-0700 - __main__-   do_sql -612- INFO    - query in do_sql SELECT energy,protein,carbohydrate,fat FROM ingredients where name ILIKE 'lima';
2025-02-12T10:01:12.383837-0700 - __main__-   __init__ -176- INFO    - ******************************************************************************************************** 



2025-02-12T10:01:12.384125-0700 - __main__-   __init__ -178- INFO    -  This is version 0.4
2025-02-12T10:01:12.384210-0700 - __main__-   __init__ -179- INFO    - 


***************************************************************************************************** 

2025-02-12T10:01:12.445345-0700 - __main__-   ConnectDataBase -200- INFO    - connection succsessful
2025-02-12T10:01:12.445681-0700 - __main__-   ConnectDataBase -204- INFO    -  database connection name qt_sql_default_connection
2025-02-12T10:01:17.198495-0700 - __main__-   getSelectedRecipe -594- INFO    - You have selected barley_soup recipe
2025-02-12T10:01:22.594916-0700 - __main__-   save_recipe -538- INFO    - ingredients [['0', 'g', 'onion'], ['0', 'g', 'pork_stew'], ['0', 'g', 'bacon'], ['538', 'g', 'sausage_281'], ['273', 'g', 'carrot'], ['282', 'g', 'leek'], ['0', 'g', 'celery'], ['300', 'g', 'lima'], ['250', 'g', 'barley_dry'], ['584', 'g', 'potato']] 
2025-02-12T10:01:22.600167-0700 - __main__-   do_sql -613- INFO    - query in do_sql UPDATE recipes SET ingredients = '0 g onion 0 g pork_stew 0 g bacon 538 g sausage_281 273 g carrot 282 g leek 0 g celery 300 g lima 250 g barley_dry 584 g potato' WHERE name = 'barley_soup';
2025-02-12T10:01:22.600879-0700 - __main__-   create_pandas_frame -470- INFO    -  name barley_soup and record [['0', 'g', 'onion'], ['0', 'g', 'pork_stew'], ['0', 'g', 'bacon'], ['538', 'g', 'sausage_281'], ['273', 'g', 'carrot'], ['282', 'g', 'leek'], ['0', 'g', 'celery'], ['300', 'g', 'lima'], ['250', 'g', 'barley_dry'], ['584', 'g', 'potato']] for recipes
2025-02-12T10:01:22.601981-0700 - __main__-   do_sql -613- INFO    - query in do_sql SELECT energy,protein,carbohydrate,fat FROM ingredients where name ILIKE 'onion';
2025-02-12T10:01:22.604423-0700 - __main__-   do_sql -613- INFO    - query in do_sql SELECT energy,protein,carbohydrate,fat FROM ingredients where name ILIKE 'pork_stew';
2025-02-12T10:01:22.605445-0700 - __main__-   do_sql -613- INFO    - query in do_sql SELECT energy,protein,carbohydrate,fat FROM ingredients where name ILIKE 'bacon';
2025-02-12T10:01:22.606767-0700 - __main__-   do_sql -613- INFO    - query in do_sql SELECT energy,protein,carbohydrate,fat FROM ingredients where name ILIKE 'sausage_281';
2025-02-12T10:01:22.607699-0700 - __main__-   do_sql -613- INFO    - query in do_sql SELECT energy,protein,carbohydrate,fat FROM ingredients where name ILIKE 'carrot';
2025-02-12T10:01:22.608413-0700 - __main__-   do_sql -613- INFO    - query in do_sql SELECT energy,protein,carbohydrate,fat FROM ingredients where name ILIKE 'leek';
2025-02-12T10:01:22.609105-0700 - __main__-   do_sql -613- INFO    - query in do_sql SELECT energy,protein,carbohydrate,fat FROM ingredients where name ILIKE 'celery';
2025-02-12T10:01:22.610367-0700 - __main__-   do_sql -613- INFO    - query in do_sql SELECT energy,protein,carbohydrate,fat FROM ingredients where name ILIKE 'lima';
2025-02-12T10:02:03.640120-0700 - __main__-   __init__ -176- INFO    - ******************************************************************************************************** 



2025-02-12T10:02:03.640366-0700 - __main__-   __init__ -178- INFO    -  This is version 0.4
2025-02-12T10:02:03.640446-0700 - __main__-   __init__ -179- INFO    - 


***************************************************************************************************** 

2025-02-12T10:02:03.693280-0700 - __main__-   ConnectDataBase -200- INFO    - connection succsessful
2025-02-12T10:02:03.693616-0700 - __main__-   ConnectDataBase -204- INFO    -  database connection name qt_sql_default_connection
2025-02-12T10:02:09.588429-0700 - __main__-   getSelectedRecipe -594- INFO    - You have selected barley_soup recipe
2025-02-12T10:02:45.599082-0700 - __main__-   save_recipe -538- INFO    - ingredients [['0', 'g', 'onion'], ['0', 'g', 'pork_stew'], ['0', 'g', 'bacon'], ['538', 'g', 'sausage_281'], ['273', 'g', 'carrot'], ['282', 'g', 'leek'], ['0', 'g', 'celery'], ['300', 'g', 'lima'], ['250', 'g', 'barley_dry'], ['584', 'g', 'potato']] 
2025-02-12T10:02:45.603508-0700 - __main__-   do_sql -613- INFO    - query in do_sql UPDATE recipes SET ingredients = '0 g onion 0 g pork_stew 0 g bacon 538 g sausage_281 273 g carrot 282 g leek 0 g celery 300 g lima 250 g barley_dry 584 g potato' WHERE name = 'barley_soup';
2025-02-12T10:02:45.604227-0700 - __main__-   create_pandas_frame -470- INFO    -  name barley_soup and record [['0', 'g', 'onion'], ['0', 'g', 'pork_stew'], ['0', 'g', 'bacon'], ['538', 'g', 'sausage_281'], ['273', 'g', 'carrot'], ['282', 'g', 'leek'], ['0', 'g', 'celery'], ['300', 'g', 'lima'], ['250', 'g', 'barley_dry'], ['584', 'g', 'potato']] for recipes
2025-02-12T10:02:45.605302-0700 - __main__-   do_sql -613- INFO    - query in do_sql SELECT energy,protein,carbohydrate,fat FROM ingredients where name ILIKE 'onion';
2025-02-12T10:02:45.606778-0700 - __main__-   do_sql -613- INFO    - query in do_sql SELECT energy,protein,carbohydrate,fat FROM ingredients where name ILIKE 'pork_stew';
2025-02-12T10:02:45.608762-0700 - __main__-   do_sql -613- INFO    - query in do_sql SELECT energy,protein,carbohydrate,fat FROM ingredients where name ILIKE 'bacon';
2025-02-12T10:02:45.609741-0700 - __main__-   do_sql -613- INFO    - query in do_sql SELECT energy,protein,carbohydrate,fat FROM ingredients where name ILIKE 'sausage_281';
2025-02-12T10:02:45.610912-0700 - __main__-   do_sql -613- INFO    - query in do_sql SELECT energy,protein,carbohydrate,fat FROM ingredients where name ILIKE 'carrot';
2025-02-12T10:02:45.611623-0700 - __main__-   do_sql -613- INFO    - query in do_sql SELECT energy,protein,carbohydrate,fat FROM ingredients where name ILIKE 'leek';
2025-02-12T10:02:45.612266-0700 - __main__-   do_sql -613- INFO    - query in do_sql SELECT energy,protein,carbohydrate,fat FROM ingredients where name ILIKE 'celery';
2025-02-12T10:02:45.612883-0700 - __main__-   do_sql -613- INFO    - query in do_sql SELECT energy,protein,carbohydrate,fat FROM ingredients where name ILIKE 'lima';
2025-02-12T10:02:51.813220-0700 - __main__-   save_recipe -538- INFO    - ingredients [['0', 'g', 'onion'], ['0', 'g', 'pork_stew'], ['0', 'g', 'bacon'], ['538', 'g', 'sausage_281'], ['273', 'g', 'carrot'], ['282', 'g', 'leek'], ['0', 'g', 'celery'], ['300', 'g', 'lima_bean'], ['250', 'g', 'barley_dry'], ['584', 'g', 'potato']] 
2025-02-12T10:02:51.816833-0700 - __main__-   do_sql -613- INFO    - query in do_sql UPDATE recipes SET ingredients = '0 g onion 0 g pork_stew 0 g bacon 538 g sausage_281 273 g carrot 282 g leek 0 g celery 300 g lima_bean 250 g barley_dry 584 g potato' WHERE name = 'barley_soup';
2025-02-12T10:02:51.817083-0700 - __main__-   create_pandas_frame -470- INFO    -  name barley_soup and record [['0', 'g', 'onion'], ['0', 'g', 'pork_stew'], ['0', 'g', 'bacon'], ['538', 'g', 'sausage_281'], ['273', 'g', 'carrot'], ['282', 'g', 'leek'], ['0', 'g', 'celery'], ['300', 'g', 'lima_bean'], ['250', 'g', 'barley_dry'], ['584', 'g', 'potato']] for recipes
2025-02-12T10:02:51.817824-0700 - __main__-   do_sql -613- INFO    - query in do_sql SELECT energy,protein,carbohydrate,fat FROM ingredients where name ILIKE 'onion';
2025-02-12T10:02:51.818714-0700 - __main__-   do_sql -613- INFO    - query in do_sql SELECT energy,protein,carbohydrate,fat FROM ingredients where name ILIKE 'pork_stew';
2025-02-12T10:02:51.819704-0700 - __main__-   do_sql -613- INFO    - query in do_sql SELECT energy,protein,carbohydrate,fat FROM ingredients where name ILIKE 'bacon';
2025-02-12T10:02:51.820493-0700 - __main__-   do_sql -613- INFO    - query in do_sql SELECT energy,protein,carbohydrate,fat FROM ingredients where name ILIKE 'sausage_281';
2025-02-12T10:02:51.821359-0700 - __main__-   do_sql -613- INFO    - query in do_sql SELECT energy,protein,carbohydrate,fat FROM ingredients where name ILIKE 'carrot';
2025-02-12T10:02:51.822850-0700 - __main__-   do_sql -613- INFO    - query in do_sql SELECT energy,protein,carbohydrate,fat FROM ingredients where name ILIKE 'leek';
2025-02-12T10:02:51.824207-0700 - __main__-   do_sql -613- INFO    - query in do_sql SELECT energy,protein,carbohydrate,fat FROM ingredients where name ILIKE 'celery';
2025-02-12T10:02:51.825149-0700 - __main__-   do_sql -613- INFO    - query in do_sql SELECT energy,protein,carbohydrate,fat FROM ingredients where name ILIKE 'lima_bean';
2025-02-12T10:02:51.826059-0700 - __main__-   do_sql -613- INFO    - query in do_sql SELECT energy,protein,carbohydrate,fat FROM ingredients where name ILIKE 'barley_dry';
2025-02-12T10:02:51.827114-0700 - __main__-   do_sql -613- INFO    - query in do_sql SELECT energy,protein,carbohydrate,fat FROM ingredients where name ILIKE 'potato';
2025-02-12T10:05:53.466596-0700 - __main__-   __init__ -176- INFO    - ******************************************************************************************************** 



2025-02-12T10:05:53.466853-0700 - __main__-   __init__ -178- INFO    -  This is version 0.4
2025-02-12T10:05:53.466944-0700 - __main__-   __init__ -179- INFO    - 


***************************************************************************************************** 

2025-02-12T10:05:53.517292-0700 - __main__-   ConnectDataBase -200- INFO    - connection succsessful
2025-02-12T10:05:53.517597-0700 - __main__-   ConnectDataBase -204- INFO    -  database connection name qt_sql_default_connection
2025-02-12T10:05:59.628322-0700 - __main__-   getSelectedRecipe -596- INFO    - You have selected barley_soup recipe
2025-02-12T10:06:03.927416-0700 - __main__-   save_recipe -540- INFO    - ingredients [['0', 'g', 'onion'], ['0', 'g', 'pork_stew'], ['0', 'g', 'bacon'], ['538', 'g', 'sausage_281'], ['273', 'g', 'carrot'], ['282', 'g', 'leek'], ['0', 'g', 'celery'], ['300', 'g', 'lima_bean'], ['250', 'g', 'barley_dry'], ['584', 'g', 'potato']] 
2025-02-12T10:06:03.932602-0700 - __main__-   do_sql -615- INFO    - query in do_sql UPDATE recipes SET ingredients = '0 g onion 0 g pork_stew 0 g bacon 538 g sausage_281 273 g carrot 282 g leek 0 g celery 300 g lima_bean 250 g barley_dry 584 g potato' WHERE name = 'barley_soup';
2025-02-12T10:06:03.933306-0700 - __main__-   create_pandas_frame -470- INFO    -  name barley_soup and record [['0', 'g', 'onion'], ['0', 'g', 'pork_stew'], ['0', 'g', 'bacon'], ['538', 'g', 'sausage_281'], ['273', 'g', 'carrot'], ['282', 'g', 'leek'], ['0', 'g', 'celery'], ['300', 'g', 'lima_bean'], ['250', 'g', 'barley_dry'], ['584', 'g', 'potato']] for recipes
2025-02-12T10:06:03.934412-0700 - __main__-   do_sql -615- INFO    - query in do_sql SELECT energy,protein,carbohydrate,fat FROM ingredients where name ILIKE 'onion';
2025-02-12T10:06:03.936293-0700 - __main__-   do_sql -615- INFO    - query in do_sql SELECT energy,protein,carbohydrate,fat FROM ingredients where name ILIKE 'pork_stew';
2025-02-12T10:06:03.937188-0700 - __main__-   do_sql -615- INFO    - query in do_sql SELECT energy,protein,carbohydrate,fat FROM ingredients where name ILIKE 'bacon';
2025-02-12T10:06:03.937916-0700 - __main__-   do_sql -615- INFO    - query in do_sql SELECT energy,protein,carbohydrate,fat FROM ingredients where name ILIKE 'sausage_281';
2025-02-12T10:06:03.938996-0700 - __main__-   do_sql -615- INFO    - query in do_sql SELECT energy,protein,carbohydrate,fat FROM ingredients where name ILIKE 'carrot';
2025-02-12T10:06:03.940710-0700 - __main__-   do_sql -615- INFO    - query in do_sql SELECT energy,protein,carbohydrate,fat FROM ingredients where name ILIKE 'leek';
2025-02-12T10:06:03.941575-0700 - __main__-   do_sql -615- INFO    - query in do_sql SELECT energy,protein,carbohydrate,fat FROM ingredients where name ILIKE 'celery';
2025-02-12T10:06:03.942308-0700 - __main__-   do_sql -615- INFO    - query in do_sql SELECT energy,protein,carbohydrate,fat FROM ingredients where name ILIKE 'lima_bean';
2025-02-12T10:06:03.943022-0700 - __main__-   do_sql -615- INFO    - query in do_sql SELECT energy,protein,carbohydrate,fat FROM ingredients where name ILIKE 'barley_dry';
2025-02-12T10:06:03.943726-0700 - __main__-   do_sql -615- INFO    - query in do_sql SELECT energy,protein,carbohydrate,fat FROM ingredients where name ILIKE 'potato';
